,Date,StationID,pickups,dropoffs,census_block
0,2016-09-01,3183.0,96.0,69.0,1004
1,2016-09-01,3184.0,28.0,28.0,1007
2,2016-09-01,3185.0,19.0,21.0,2003
3,2016-09-01,3186.0,142.0,126.0,3010
4,2016-09-01,3187.0,30.0,25.0,1012
5,2016-09-01,3188.0,1.0,1.0,4002
6,2016-09-01,3190.0,6.0,2.0,2001
7,2016-09-01,3191.0,2.0,1.0,1005
8,2016-09-01,3192.0,18.0,21.0,1013
9,2016-09-01,3193.0,15.0,25.0,1008
10,2016-09-01,3194.0,19.0,13.0,1006
11,2016-09-01,3195.0,60.0,46.0,1009
12,2016-09-01,3196.0,5.0,4.0,2006
13,2016-09-01,3197.0,2.0,5.0,1000
14,2016-09-01,3198.0,5.0,4.0,1005
15,2016-09-01,3199.0,22.0,27.0,3002
16,2016-09-01,3201.0,9.0,10.0,1007
17,2016-09-01,3202.0,44.0,43.0,3002
18,2016-09-01,3203.0,59.0,82.0,1003
19,2016-09-01,3205.0,5.0,10.0,1007
20,2016-09-01,3206.0,9.0,2.0,1000
21,2016-09-01,3207.0,10.0,13.0,1000
22,2016-09-01,3209.0,22.0,25.0,1002
23,2016-09-01,3210.0,13.0,12.0,1000
24,2016-09-01,3211.0,32.0,30.0,2007
25,2016-09-01,3212.0,7.0,9.0,1004
26,2016-09-01,3213.0,23.0,22.0,2006
27,2016-09-01,3214.0,16.0,23.0,1007
28,2016-09-01,3215.0,6.0,7.0,4002
29,2016-09-01,3220.0,12.0,7.0,4000
30,2016-09-01,3225.0,12.0,14.0,3001
31,2016-09-01,3267.0,35.0,45.0,1007
32,2016-09-01,3268.0,4.0,5.0,2009
33,2016-09-01,3270.0,23.0,20.0,2002
34,2016-09-01,3271.0,1.0,,1004
35,2016-09-01,3272.0,17.0,12.0,2000
36,2016-09-01,3273.0,13.0,9.0,3004
37,2016-09-01,3275.0,15.0,21.0,1021
38,2016-09-01,3276.0,22.0,29.0,3004
39,2016-09-01,3278.0,25.0,20.0,2007
40,2016-09-01,3279.0,10.0,16.0,2011
41,2016-09-01,3281.0,1.0,4.0,2005
42,2016-09-02,3183.0,114.0,127.0,1004
43,2016-09-02,3184.0,40.0,37.0,1007
44,2016-09-02,3185.0,36.0,30.0,2003
45,2016-09-02,3186.0,123.0,178.0,3010
46,2016-09-02,3187.0,25.0,33.0,1012
47,2016-09-02,3188.0,1.0,2.0,4002
48,2016-09-02,3189.0,3.0,3.0,1003
49,2016-09-02,3190.0,6.0,6.0,2001
50,2016-09-02,3191.0,1.0,3.0,1005
51,2016-09-02,3192.0,30.0,27.0,1013
52,2016-09-02,3193.0,18.0,25.0,1008
53,2016-09-02,3194.0,30.0,19.0,1006
54,2016-09-02,3195.0,67.0,67.0,1009
55,2016-09-02,3196.0,6.0,3.0,2006
56,2016-09-02,3197.0,9.0,8.0,1000
57,2016-09-02,3198.0,8.0,10.0,1005
58,2016-09-02,3199.0,37.0,39.0,3002
59,2016-09-02,3201.0,7.0,6.0,1007
60,2016-09-02,3202.0,67.0,72.0,3002
61,2016-09-02,3203.0,68.0,67.0,1003
62,2016-09-02,3205.0,14.0,22.0,1007
63,2016-09-02,3206.0,12.0,7.0,1000
64,2016-09-02,3207.0,15.0,12.0,1000
65,2016-09-02,3209.0,32.0,27.0,1002
66,2016-09-02,3210.0,15.0,15.0,1000
67,2016-09-02,3211.0,37.0,38.0,2007
68,2016-09-02,3212.0,13.0,13.0,1004
69,2016-09-02,3213.0,33.0,27.0,2006
70,2016-09-02,3214.0,31.0,40.0,1007
71,2016-09-02,3215.0,9.0,6.0,4002
72,2016-09-02,3216.0,1.0,1.0,2000
73,2016-09-02,3220.0,11.0,11.0,4000
74,2016-09-02,3225.0,23.0,17.0,3001
75,2016-09-02,3267.0,52.0,38.0,1007
76,2016-09-02,3268.0,7.0,10.0,2009
77,2016-09-02,3270.0,30.0,17.0,2002
78,2016-09-02,3272.0,26.0,23.0,2000
79,2016-09-02,3273.0,7.0,7.0,3004
80,2016-09-02,3275.0,26.0,21.0,1021
81,2016-09-02,3276.0,37.0,35.0,3004
82,2016-09-02,3278.0,35.0,23.0,2007
83,2016-09-02,3279.0,25.0,20.0,2011
84,2016-09-02,3281.0,8.0,2.0,2005
85,2016-09-03,3183.0,62.0,59.0,1004
86,2016-09-03,3184.0,42.0,46.0,1007
87,2016-09-03,3185.0,26.0,37.0,2003
88,2016-09-03,3186.0,70.0,98.0,3010
89,2016-09-03,3187.0,38.0,55.0,1012
90,2016-09-03,3188.0,1.0,1.0,4002
91,2016-09-03,3189.0,1.0,1.0,1003
92,2016-09-03,3190.0,6.0,4.0,2001
93,2016-09-03,3192.0,25.0,26.0,1013
94,2016-09-03,3193.0,11.0,15.0,1008
95,2016-09-03,3194.0,16.0,11.0,1006
96,2016-09-03,3195.0,39.0,29.0,1009
97,2016-09-03,3196.0,6.0,2.0,2006
98,2016-09-03,3197.0,8.0,3.0,1000
99,2016-09-03,3198.0,8.0,5.0,1005
100,2016-09-03,3199.0,45.0,43.0,3002
101,2016-09-03,3201.0,2.0,4.0,1007
102,2016-09-03,3202.0,40.0,45.0,3002
103,2016-09-03,3203.0,47.0,51.0,1003
104,2016-09-03,3205.0,17.0,23.0,1007
105,2016-09-03,3206.0,10.0,6.0,1000
106,2016-09-03,3207.0,4.0,1.0,1000
107,2016-09-03,3209.0,23.0,11.0,1002
108,2016-09-03,3210.0,5.0,3.0,1000
109,2016-09-03,3211.0,28.0,38.0,2007
110,2016-09-03,3212.0,3.0,10.0,1004
111,2016-09-03,3213.0,40.0,30.0,2006
112,2016-09-03,3214.0,19.0,10.0,1007
113,2016-09-03,3215.0,4.0,4.0,4002
114,2016-09-03,3216.0,1.0,1.0,2000
115,2016-09-03,3217.0,1.0,1.0,4003
116,2016-09-03,3220.0,7.0,8.0,4000
117,2016-09-03,3225.0,20.0,11.0,3001
118,2016-09-03,3267.0,43.0,33.0,1007
119,2016-09-03,3268.0,9.0,6.0,2009
120,2016-09-03,3270.0,22.0,21.0,2002
121,2016-09-03,3272.0,16.0,21.0,2000
122,2016-09-03,3273.0,9.0,6.0,3004
123,2016-09-03,3275.0,11.0,14.0,1021
124,2016-09-03,3276.0,30.0,30.0,3004
125,2016-09-03,3278.0,17.0,11.0,2007
126,2016-09-03,3279.0,10.0,4.0,2011
127,2016-09-03,3281.0,5.0,3.0,2005
128,2016-09-04,3183.0,61.0,55.0,1004
129,2016-09-04,3184.0,31.0,33.0,1007
130,2016-09-04,3185.0,31.0,26.0,2003
131,2016-09-04,3186.0,83.0,88.0,3010
132,2016-09-04,3187.0,42.0,31.0,1012
133,2016-09-04,3188.0,1.0,,4002
134,2016-09-04,3189.0,1.0,1.0,1003
135,2016-09-04,3190.0,3.0,6.0,2001
136,2016-09-04,3191.0,1.0,6.0,1005
137,2016-09-04,3192.0,69.0,67.0,1013
138,2016-09-04,3193.0,9.0,13.0,1008
139,2016-09-04,3194.0,17.0,9.0,1006
140,2016-09-04,3195.0,38.0,33.0,1009
141,2016-09-04,3196.0,9.0,14.0,2006
142,2016-09-04,3197.0,4.0,4.0,1000
143,2016-09-04,3198.0,3.0,,1005
144,2016-09-04,3199.0,55.0,53.0,3002
145,2016-09-04,3201.0,8.0,7.0,1007
146,2016-09-04,3202.0,37.0,49.0,3002
147,2016-09-04,3203.0,47.0,54.0,1003
148,2016-09-04,3205.0,30.0,25.0,1007
149,2016-09-04,3206.0,6.0,2.0,1000
150,2016-09-04,3207.0,8.0,7.0,1000
151,2016-09-04,3209.0,19.0,20.0,1002
152,2016-09-04,3210.0,5.0,5.0,1000
153,2016-09-04,3211.0,33.0,32.0,2007
154,2016-09-04,3212.0,6.0,6.0,1004
155,2016-09-04,3213.0,25.0,25.0,2006
156,2016-09-04,3214.0,17.0,23.0,1007
157,2016-09-04,3215.0,8.0,5.0,4002
158,2016-09-04,3217.0,4.0,5.0,4003
159,2016-09-04,3220.0,5.0,6.0,4000
160,2016-09-04,3225.0,16.0,10.0,3001
161,2016-09-04,3267.0,42.0,47.0,1007
162,2016-09-04,3268.0,3.0,4.0,2009
163,2016-09-04,3270.0,14.0,19.0,2002
164,2016-09-04,3272.0,17.0,19.0,2000
165,2016-09-04,3273.0,11.0,9.0,3004
166,2016-09-04,3275.0,25.0,20.0,1021
167,2016-09-04,3276.0,36.0,47.0,3004
168,2016-09-04,3278.0,17.0,14.0,2007
169,2016-09-04,3279.0,13.0,11.0,2011
170,2016-09-04,3281.0,2.0,1.0,2005
171,2016-09-05,3183.0,63.0,74.0,1004
172,2016-09-05,3184.0,38.0,32.0,1007
173,2016-09-05,3185.0,38.0,34.0,2003
174,2016-09-05,3186.0,56.0,62.0,3010
175,2016-09-05,3187.0,37.0,35.0,1012
176,2016-09-05,3189.0,1.0,,1003
177,2016-09-05,3190.0,7.0,7.0,2001
178,2016-09-05,3192.0,42.0,53.0,1013
179,2016-09-05,3193.0,13.0,13.0,1008
180,2016-09-05,3194.0,20.0,14.0,1006
181,2016-09-05,3195.0,41.0,44.0,1009
182,2016-09-05,3196.0,7.0,10.0,2006
183,2016-09-05,3197.0,5.0,1.0,1000
184,2016-09-05,3198.0,8.0,6.0,1005
185,2016-09-05,3199.0,51.0,57.0,3002
186,2016-09-05,3200.0,1.0,1.0,1003
187,2016-09-05,3201.0,8.0,13.0,1007
188,2016-09-05,3202.0,58.0,53.0,3002
189,2016-09-05,3203.0,53.0,59.0,1003
190,2016-09-05,3205.0,30.0,25.0,1007
191,2016-09-05,3206.0,7.0,3.0,1000
192,2016-09-05,3207.0,11.0,9.0,1000
193,2016-09-05,3209.0,14.0,15.0,1002
194,2016-09-05,3210.0,10.0,9.0,1000
195,2016-09-05,3211.0,21.0,27.0,2007
196,2016-09-05,3212.0,3.0,5.0,1004
197,2016-09-05,3213.0,22.0,27.0,2006
198,2016-09-05,3214.0,25.0,32.0,1007
199,2016-09-05,3215.0,5.0,5.0,4002
200,2016-09-05,3216.0,2.0,,2000
201,2016-09-05,3220.0,11.0,6.0,4000
202,2016-09-05,3225.0,16.0,10.0,3001
203,2016-09-05,3267.0,57.0,56.0,1007
204,2016-09-05,3268.0,6.0,5.0,2009
205,2016-09-05,3270.0,15.0,16.0,2002
206,2016-09-05,3271.0,1.0,1.0,1004
207,2016-09-05,3272.0,29.0,26.0,2000
208,2016-09-05,3273.0,13.0,11.0,3004
209,2016-09-05,3275.0,28.0,21.0,1021
210,2016-09-05,3276.0,33.0,31.0,3004
211,2016-09-05,3278.0,24.0,28.0,2007
212,2016-09-05,3279.0,9.0,6.0,2011
213,2016-09-05,3281.0,4.0,4.0,2005
214,2016-09-06,3183.0,87.0,107.0,1004
215,2016-09-06,3184.0,34.0,27.0,1007
216,2016-09-06,3185.0,40.0,34.0,2003
217,2016-09-06,3186.0,172.0,209.0,3010
218,2016-09-06,3187.0,42.0,43.0,1012
219,2016-09-06,3188.0,4.0,2.0,4002
220,2016-09-06,3189.0,3.0,3.0,1003
221,2016-09-06,3190.0,6.0,5.0,2001
222,2016-09-06,3191.0,2.0,2.0,1005
223,2016-09-06,3192.0,27.0,22.0,1013
224,2016-09-06,3193.0,19.0,21.0,1008
225,2016-09-06,3194.0,36.0,28.0,1006
226,2016-09-06,3195.0,88.0,67.0,1009
227,2016-09-06,3196.0,6.0,5.0,2006
228,2016-09-06,3197.0,6.0,5.0,1000
229,2016-09-06,3198.0,10.0,7.0,1005
230,2016-09-06,3199.0,31.0,30.0,3002
231,2016-09-06,3200.0,1.0,3.0,1003
232,2016-09-06,3201.0,10.0,10.0,1007
233,2016-09-06,3202.0,63.0,56.0,3002
234,2016-09-06,3203.0,69.0,76.0,1003
235,2016-09-06,3205.0,10.0,14.0,1007
236,2016-09-06,3206.0,10.0,8.0,1000
237,2016-09-06,3207.0,13.0,16.0,1000
238,2016-09-06,3209.0,35.0,43.0,1002
239,2016-09-06,3210.0,14.0,12.0,1000
240,2016-09-06,3211.0,40.0,26.0,2007
241,2016-09-06,3212.0,12.0,12.0,1004
242,2016-09-06,3213.0,40.0,35.0,2006
243,2016-09-06,3214.0,31.0,41.0,1007
244,2016-09-06,3215.0,6.0,10.0,4002
245,2016-09-06,3217.0,1.0,1.0,4003
246,2016-09-06,3220.0,7.0,11.0,4000
247,2016-09-06,3225.0,12.0,17.0,3001
248,2016-09-06,3267.0,48.0,54.0,1007
249,2016-09-06,3268.0,5.0,9.0,2009
250,2016-09-06,3270.0,36.0,23.0,2002
251,2016-09-06,3271.0,1.0,,1004
252,2016-09-06,3272.0,30.0,23.0,2000
253,2016-09-06,3273.0,8.0,6.0,3004
254,2016-09-06,3275.0,18.0,15.0,1021
255,2016-09-06,3276.0,31.0,35.0,3004
256,2016-09-06,3278.0,28.0,26.0,2007
257,2016-09-06,3279.0,24.0,18.0,2011
258,2016-09-06,3281.0,4.0,,2005
259,2016-09-07,3183.0,116.0,134.0,1004
260,2016-09-07,3184.0,37.0,27.0,1007
261,2016-09-07,3185.0,32.0,30.0,2003
262,2016-09-07,3186.0,169.0,223.0,3010
263,2016-09-07,3187.0,51.0,36.0,1012
264,2016-09-07,3188.0,5.0,6.0,4002
265,2016-09-07,3189.0,1.0,3.0,1003
266,2016-09-07,3190.0,3.0,3.0,2001
267,2016-09-07,3192.0,24.0,21.0,1013
268,2016-09-07,3193.0,19.0,23.0,1008
269,2016-09-07,3194.0,42.0,21.0,1006
270,2016-09-07,3195.0,76.0,81.0,1009
271,2016-09-07,3196.0,10.0,6.0,2006
272,2016-09-07,3197.0,5.0,7.0,1000
273,2016-09-07,3198.0,6.0,9.0,1005
274,2016-09-07,3199.0,50.0,47.0,3002
275,2016-09-07,3200.0,1.0,1.0,1003
276,2016-09-07,3201.0,11.0,10.0,1007
277,2016-09-07,3202.0,55.0,64.0,3002
278,2016-09-07,3203.0,63.0,62.0,1003
279,2016-09-07,3205.0,17.0,22.0,1007
280,2016-09-07,3206.0,16.0,10.0,1000
281,2016-09-07,3207.0,23.0,20.0,1000
282,2016-09-07,3209.0,32.0,40.0,1002
283,2016-09-07,3210.0,11.0,9.0,1000
284,2016-09-07,3211.0,34.0,24.0,2007
285,2016-09-07,3212.0,15.0,8.0,1004
286,2016-09-07,3213.0,38.0,30.0,2006
287,2016-09-07,3214.0,28.0,38.0,1007
288,2016-09-07,3215.0,9.0,7.0,4002
289,2016-09-07,3216.0,2.0,1.0,2000
290,2016-09-07,3217.0,2.0,1.0,4003
291,2016-09-07,3220.0,20.0,17.0,4000
292,2016-09-07,3225.0,16.0,14.0,3001
293,2016-09-07,3267.0,64.0,55.0,1007
294,2016-09-07,3268.0,8.0,10.0,2009
295,2016-09-07,3270.0,32.0,24.0,2002
296,2016-09-07,3271.0,1.0,,1004
297,2016-09-07,3272.0,21.0,23.0,2000
298,2016-09-07,3273.0,17.0,10.0,3004
299,2016-09-07,3275.0,23.0,19.0,1021
300,2016-09-07,3276.0,38.0,42.0,3004
301,2016-09-07,3278.0,35.0,35.0,2007
302,2016-09-07,3279.0,19.0,20.0,2011
303,2016-09-07,3281.0,4.0,6.0,2005
304,2016-09-08,3183.0,110.0,136.0,1004
305,2016-09-08,3184.0,32.0,32.0,1007
306,2016-09-08,3185.0,27.0,17.0,2003
307,2016-09-08,3186.0,144.0,209.0,3010
308,2016-09-08,3187.0,37.0,37.0,1012
309,2016-09-08,3188.0,3.0,4.0,4002
310,2016-09-08,3189.0,1.0,2.0,1003
311,2016-09-08,3190.0,6.0,4.0,2001
312,2016-09-08,3192.0,26.0,22.0,1013
313,2016-09-08,3193.0,19.0,18.0,1008
314,2016-09-08,3194.0,40.0,29.0,1006
315,2016-09-08,3195.0,70.0,70.0,1009
316,2016-09-08,3196.0,10.0,6.0,2006
317,2016-09-08,3197.0,7.0,5.0,1000
318,2016-09-08,3198.0,9.0,11.0,1005
319,2016-09-08,3199.0,34.0,35.0,3002
320,2016-09-08,3200.0,1.0,2.0,1003
321,2016-09-08,3201.0,9.0,9.0,1007
322,2016-09-08,3202.0,74.0,73.0,3002
323,2016-09-08,3203.0,72.0,83.0,1003
324,2016-09-08,3205.0,19.0,15.0,1007
325,2016-09-08,3206.0,10.0,5.0,1000
326,2016-09-08,3207.0,20.0,17.0,1000
327,2016-09-08,3209.0,44.0,42.0,1002
328,2016-09-08,3210.0,11.0,12.0,1000
329,2016-09-08,3211.0,45.0,37.0,2007
330,2016-09-08,3212.0,14.0,13.0,1004
331,2016-09-08,3213.0,34.0,23.0,2006
332,2016-09-08,3214.0,51.0,58.0,1007
333,2016-09-08,3215.0,11.0,6.0,4002
334,2016-09-08,3216.0,1.0,,2000
335,2016-09-08,3220.0,13.0,10.0,4000
336,2016-09-08,3225.0,21.0,20.0,3001
337,2016-09-08,3267.0,54.0,55.0,1007
338,2016-09-08,3268.0,6.0,6.0,2009
339,2016-09-08,3270.0,42.0,25.0,2002
340,2016-09-08,3272.0,31.0,21.0,2000
341,2016-09-08,3273.0,14.0,6.0,3004
342,2016-09-08,3275.0,29.0,18.0,1021
343,2016-09-08,3276.0,39.0,37.0,3004
344,2016-09-08,3278.0,23.0,32.0,2007
345,2016-09-08,3279.0,18.0,16.0,2011
346,2016-09-08,3281.0,3.0,4.0,2005
347,2016-09-09,3183.0,79.0,124.0,1004
348,2016-09-09,3184.0,53.0,37.0,1007
349,2016-09-09,3185.0,32.0,36.0,2003
350,2016-09-09,3186.0,141.0,224.0,3010
351,2016-09-09,3187.0,36.0,25.0,1012
352,2016-09-09,3188.0,1.0,3.0,4002
353,2016-09-09,3189.0,1.0,1.0,1003
354,2016-09-09,3190.0,3.0,4.0,2001
355,2016-09-09,3192.0,22.0,16.0,1013
356,2016-09-09,3193.0,23.0,21.0,1008
357,2016-09-09,3194.0,39.0,27.0,1006
358,2016-09-09,3195.0,67.0,73.0,1009
359,2016-09-09,3196.0,4.0,4.0,2006
360,2016-09-09,3197.0,5.0,3.0,1000
361,2016-09-09,3198.0,10.0,7.0,1005
362,2016-09-09,3199.0,40.0,40.0,3002
363,2016-09-09,3200.0,1.0,,1003
364,2016-09-09,3201.0,8.0,6.0,1007
365,2016-09-09,3202.0,69.0,63.0,3002
366,2016-09-09,3203.0,73.0,71.0,1003
367,2016-09-09,3205.0,17.0,16.0,1007
368,2016-09-09,3206.0,18.0,12.0,1000
369,2016-09-09,3207.0,23.0,20.0,1000
370,2016-09-09,3209.0,36.0,33.0,1002
371,2016-09-09,3210.0,11.0,13.0,1000
372,2016-09-09,3211.0,33.0,30.0,2007
373,2016-09-09,3212.0,11.0,7.0,1004
374,2016-09-09,3213.0,41.0,33.0,2006
375,2016-09-09,3214.0,35.0,44.0,1007
376,2016-09-09,3215.0,6.0,4.0,4002
377,2016-09-09,3217.0,2.0,1.0,4003
378,2016-09-09,3220.0,12.0,12.0,4000
379,2016-09-09,3225.0,24.0,17.0,3001
380,2016-09-09,3267.0,56.0,49.0,1007
381,2016-09-09,3268.0,9.0,6.0,2009
382,2016-09-09,3270.0,29.0,24.0,2002
383,2016-09-09,3272.0,20.0,19.0,2000
384,2016-09-09,3273.0,12.0,7.0,3004
385,2016-09-09,3275.0,25.0,17.0,1021
386,2016-09-09,3276.0,49.0,44.0,3004
387,2016-09-09,3278.0,33.0,25.0,2007
388,2016-09-09,3279.0,30.0,20.0,2011
389,2016-09-09,3281.0,7.0,3.0,2005
390,2016-09-10,3183.0,49.0,62.0,1004
391,2016-09-10,3184.0,31.0,34.0,1007
392,2016-09-10,3185.0,31.0,41.0,2003
393,2016-09-10,3186.0,68.0,94.0,3010
394,2016-09-10,3187.0,40.0,40.0,1012
395,2016-09-10,3189.0,1.0,1.0,1003
396,2016-09-10,3190.0,4.0,5.0,2001
397,2016-09-10,3191.0,2.0,1.0,1005
398,2016-09-10,3192.0,22.0,18.0,1013
399,2016-09-10,3193.0,15.0,18.0,1008
400,2016-09-10,3194.0,23.0,15.0,1006
401,2016-09-10,3195.0,45.0,44.0,1009
402,2016-09-10,3196.0,6.0,4.0,2006
403,2016-09-10,3197.0,12.0,12.0,1000
404,2016-09-10,3198.0,14.0,7.0,1005
405,2016-09-10,3199.0,37.0,39.0,3002
406,2016-09-10,3201.0,3.0,4.0,1007
407,2016-09-10,3202.0,37.0,44.0,3002
408,2016-09-10,3203.0,41.0,45.0,1003
409,2016-09-10,3205.0,15.0,14.0,1007
410,2016-09-10,3206.0,10.0,5.0,1000
411,2016-09-10,3207.0,11.0,14.0,1000
412,2016-09-10,3209.0,33.0,32.0,1002
413,2016-09-10,3210.0,14.0,13.0,1000
414,2016-09-10,3211.0,49.0,46.0,2007
415,2016-09-10,3212.0,6.0,5.0,1004
416,2016-09-10,3213.0,38.0,38.0,2006
417,2016-09-10,3214.0,25.0,28.0,1007
418,2016-09-10,3215.0,6.0,9.0,4002
419,2016-09-10,3216.0,1.0,1.0,2000
420,2016-09-10,3217.0,2.0,2.0,4003
421,2016-09-10,3220.0,12.0,13.0,4000
422,2016-09-10,3225.0,14.0,7.0,3001
423,2016-09-10,3267.0,52.0,39.0,1007
424,2016-09-10,3268.0,5.0,4.0,2009
425,2016-09-10,3270.0,20.0,23.0,2002
426,2016-09-10,3272.0,24.0,33.0,2000
427,2016-09-10,3273.0,15.0,9.0,3004
428,2016-09-10,3274.0,4.0,2.0,1003
429,2016-09-10,3275.0,17.0,12.0,1021
430,2016-09-10,3276.0,45.0,41.0,3004
431,2016-09-10,3278.0,31.0,19.0,2007
432,2016-09-10,3279.0,11.0,7.0,2011
433,2016-09-10,3281.0,4.0,1.0,2005
434,2016-09-11,3183.0,52.0,65.0,1004
435,2016-09-11,3184.0,37.0,32.0,1007
436,2016-09-11,3185.0,29.0,24.0,2003
437,2016-09-11,3186.0,65.0,79.0,3010
438,2016-09-11,3187.0,37.0,41.0,1012
439,2016-09-11,3188.0,1.0,2.0,4002
440,2016-09-11,3189.0,1.0,,1003
441,2016-09-11,3190.0,4.0,,2001
442,2016-09-11,3191.0,2.0,3.0,1005
443,2016-09-11,3192.0,37.0,30.0,1013
444,2016-09-11,3193.0,9.0,9.0,1008
445,2016-09-11,3194.0,24.0,14.0,1006
446,2016-09-11,3195.0,35.0,36.0,1009
447,2016-09-11,3196.0,8.0,5.0,2006
448,2016-09-11,3197.0,6.0,5.0,1000
449,2016-09-11,3198.0,2.0,4.0,1005
450,2016-09-11,3199.0,43.0,36.0,3002
451,2016-09-11,3201.0,4.0,9.0,1007
452,2016-09-11,3202.0,40.0,37.0,3002
453,2016-09-11,3203.0,47.0,53.0,1003
454,2016-09-11,3205.0,22.0,27.0,1007
455,2016-09-11,3206.0,8.0,6.0,1000
456,2016-09-11,3207.0,13.0,8.0,1000
457,2016-09-11,3209.0,26.0,23.0,1002
458,2016-09-11,3210.0,8.0,13.0,1000
459,2016-09-11,3211.0,33.0,38.0,2007
460,2016-09-11,3212.0,6.0,5.0,1004
461,2016-09-11,3213.0,27.0,32.0,2006
462,2016-09-11,3214.0,23.0,31.0,1007
463,2016-09-11,3215.0,4.0,7.0,4002
464,2016-09-11,3217.0,1.0,1.0,4003
465,2016-09-11,3220.0,8.0,3.0,4000
466,2016-09-11,3225.0,17.0,8.0,3001
467,2016-09-11,3267.0,53.0,60.0,1007
468,2016-09-11,3268.0,1.0,2.0,2009
469,2016-09-11,3270.0,18.0,20.0,2002
470,2016-09-11,3272.0,35.0,30.0,2000
471,2016-09-11,3273.0,15.0,8.0,3004
472,2016-09-11,3274.0,4.0,4.0,1003
473,2016-09-11,3275.0,22.0,21.0,1021
474,2016-09-11,3276.0,39.0,38.0,3004
475,2016-09-11,3278.0,19.0,21.0,2007
476,2016-09-11,3279.0,15.0,10.0,2011
477,2016-09-11,3281.0,3.0,,2005
478,2016-09-12,3183.0,104.0,128.0,1004
479,2016-09-12,3184.0,39.0,37.0,1007
480,2016-09-12,3185.0,37.0,40.0,2003
481,2016-09-12,3186.0,167.0,193.0,3010
482,2016-09-12,3187.0,52.0,33.0,1012
483,2016-09-12,3188.0,4.0,4.0,4002
484,2016-09-12,3190.0,2.0,2.0,2001
485,2016-09-12,3192.0,18.0,25.0,1013
486,2016-09-12,3193.0,13.0,13.0,1008
487,2016-09-12,3194.0,32.0,26.0,1006
488,2016-09-12,3195.0,78.0,73.0,1009
489,2016-09-12,3196.0,3.0,3.0,2006
490,2016-09-12,3197.0,8.0,5.0,1000
491,2016-09-12,3198.0,13.0,9.0,1005
492,2016-09-12,3199.0,26.0,22.0,3002
493,2016-09-12,3200.0,1.0,1.0,1003
494,2016-09-12,3201.0,11.0,11.0,1007
495,2016-09-12,3202.0,51.0,67.0,3002
496,2016-09-12,3203.0,67.0,74.0,1003
497,2016-09-12,3205.0,19.0,17.0,1007
498,2016-09-12,3206.0,12.0,8.0,1000
499,2016-09-12,3207.0,12.0,16.0,1000
500,2016-09-12,3209.0,34.0,33.0,1002
501,2016-09-12,3210.0,11.0,12.0,1000
502,2016-09-12,3211.0,38.0,32.0,2007
503,2016-09-12,3212.0,14.0,8.0,1004
504,2016-09-12,3213.0,32.0,23.0,2006
505,2016-09-12,3214.0,38.0,49.0,1007
506,2016-09-12,3215.0,11.0,11.0,4002
507,2016-09-12,3217.0,2.0,3.0,4003
508,2016-09-12,3220.0,18.0,13.0,4000
509,2016-09-12,3225.0,21.0,12.0,3001
510,2016-09-12,3267.0,51.0,50.0,1007
511,2016-09-12,3268.0,8.0,5.0,2009
512,2016-09-12,3270.0,35.0,22.0,2002
513,2016-09-12,3272.0,39.0,30.0,2000
514,2016-09-12,3273.0,17.0,7.0,3004
515,2016-09-12,3275.0,30.0,26.0,1021
516,2016-09-12,3276.0,35.0,35.0,3004
517,2016-09-12,3278.0,31.0,39.0,2007
518,2016-09-12,3279.0,10.0,17.0,2011
519,2016-09-12,3281.0,4.0,4.0,2005
520,2016-09-13,3183.0,115.0,129.0,1004
521,2016-09-13,3184.0,37.0,37.0,1007
522,2016-09-13,3185.0,41.0,32.0,2003
523,2016-09-13,3186.0,177.0,224.0,3010
524,2016-09-13,3187.0,55.0,41.0,1012
525,2016-09-13,3188.0,6.0,4.0,4002
526,2016-09-13,3190.0,3.0,2.0,2001
527,2016-09-13,3191.0,1.0,2.0,1005
528,2016-09-13,3192.0,28.0,28.0,1013
529,2016-09-13,3193.0,15.0,17.0,1008
530,2016-09-13,3194.0,41.0,26.0,1006
531,2016-09-13,3195.0,72.0,74.0,1009
532,2016-09-13,3196.0,9.0,5.0,2006
533,2016-09-13,3197.0,8.0,6.0,1000
534,2016-09-13,3198.0,11.0,12.0,1005
535,2016-09-13,3199.0,43.0,36.0,3002
536,2016-09-13,3200.0,2.0,2.0,1003
537,2016-09-13,3201.0,14.0,14.0,1007
538,2016-09-13,3202.0,80.0,84.0,3002
539,2016-09-13,3203.0,62.0,83.0,1003
540,2016-09-13,3205.0,25.0,22.0,1007
541,2016-09-13,3206.0,17.0,5.0,1000
542,2016-09-13,3207.0,19.0,16.0,1000
543,2016-09-13,3209.0,42.0,43.0,1002
544,2016-09-13,3210.0,15.0,11.0,1000
545,2016-09-13,3211.0,43.0,33.0,2007
546,2016-09-13,3212.0,8.0,9.0,1004
547,2016-09-13,3213.0,32.0,32.0,2006
548,2016-09-13,3214.0,31.0,44.0,1007
549,2016-09-13,3215.0,8.0,4.0,4002
550,2016-09-13,3217.0,2.0,3.0,4003
551,2016-09-13,3220.0,11.0,11.0,4000
552,2016-09-13,3225.0,19.0,13.0,3001
553,2016-09-13,3267.0,52.0,58.0,1007
554,2016-09-13,3268.0,8.0,12.0,2009
555,2016-09-13,3270.0,34.0,24.0,2002
556,2016-09-13,3272.0,35.0,29.0,2000
557,2016-09-13,3273.0,20.0,11.0,3004
558,2016-09-13,3275.0,35.0,33.0,1021
559,2016-09-13,3276.0,37.0,44.0,3004
560,2016-09-13,3278.0,32.0,35.0,2007
561,2016-09-13,3279.0,22.0,17.0,2011
562,2016-09-13,3281.0,4.0,5.0,2005
563,2016-09-14,3183.0,104.0,138.0,1004
564,2016-09-14,3184.0,29.0,30.0,1007
565,2016-09-14,3185.0,36.0,31.0,2003
566,2016-09-14,3186.0,160.0,221.0,3010
567,2016-09-14,3187.0,44.0,36.0,1012
568,2016-09-14,3188.0,3.0,4.0,4002
569,2016-09-14,3190.0,3.0,2.0,2001
570,2016-09-14,3192.0,25.0,24.0,1013
571,2016-09-14,3193.0,8.0,11.0,1008
572,2016-09-14,3194.0,30.0,22.0,1006
573,2016-09-14,3195.0,65.0,73.0,1009
574,2016-09-14,3196.0,9.0,6.0,2006
575,2016-09-14,3197.0,6.0,5.0,1000
576,2016-09-14,3198.0,7.0,5.0,1005
577,2016-09-14,3199.0,28.0,22.0,3002
578,2016-09-14,3200.0,1.0,1.0,1003
579,2016-09-14,3201.0,13.0,10.0,1007
580,2016-09-14,3202.0,57.0,75.0,3002
581,2016-09-14,3203.0,71.0,78.0,1003
582,2016-09-14,3205.0,16.0,14.0,1007
583,2016-09-14,3206.0,19.0,14.0,1000
584,2016-09-14,3207.0,22.0,13.0,1000
585,2016-09-14,3209.0,39.0,35.0,1002
586,2016-09-14,3210.0,10.0,7.0,1000
587,2016-09-14,3211.0,29.0,29.0,2007
588,2016-09-14,3212.0,13.0,11.0,1004
589,2016-09-14,3213.0,30.0,29.0,2006
590,2016-09-14,3214.0,37.0,38.0,1007
591,2016-09-14,3215.0,10.0,7.0,4002
592,2016-09-14,3216.0,1.0,1.0,2000
593,2016-09-14,3217.0,2.0,,4003
594,2016-09-14,3220.0,13.0,8.0,4000
595,2016-09-14,3225.0,25.0,19.0,3001
596,2016-09-14,3267.0,54.0,48.0,1007
597,2016-09-14,3268.0,3.0,5.0,2009
598,2016-09-14,3270.0,29.0,22.0,2002
599,2016-09-14,3272.0,24.0,12.0,2000
600,2016-09-14,3273.0,22.0,12.0,3004
601,2016-09-14,3275.0,22.0,17.0,1021
602,2016-09-14,3276.0,39.0,37.0,3004
603,2016-09-14,3278.0,41.0,27.0,2007
604,2016-09-14,3279.0,18.0,17.0,2011
605,2016-09-14,3281.0,8.0,4.0,2005
606,2016-09-15,3183.0,89.0,128.0,1004
607,2016-09-15,3184.0,49.0,31.0,1007
608,2016-09-15,3185.0,47.0,41.0,2003
609,2016-09-15,3186.0,147.0,246.0,3010
610,2016-09-15,3187.0,41.0,39.0,1012
611,2016-09-15,3188.0,3.0,6.0,4002
612,2016-09-15,3190.0,2.0,2.0,2001
613,2016-09-15,3191.0,3.0,2.0,1005
614,2016-09-15,3192.0,33.0,29.0,1013
615,2016-09-15,3193.0,17.0,24.0,1008
616,2016-09-15,3194.0,31.0,18.0,1006
617,2016-09-15,3195.0,81.0,69.0,1009
618,2016-09-15,3196.0,6.0,1.0,2006
619,2016-09-15,3197.0,6.0,8.0,1000
620,2016-09-15,3198.0,9.0,8.0,1005
621,2016-09-15,3199.0,38.0,35.0,3002
622,2016-09-15,3200.0,2.0,,1003
623,2016-09-15,3201.0,9.0,15.0,1007
624,2016-09-15,3202.0,68.0,81.0,3002
625,2016-09-15,3203.0,71.0,72.0,1003
626,2016-09-15,3205.0,23.0,22.0,1007
627,2016-09-15,3206.0,13.0,7.0,1000
628,2016-09-15,3207.0,16.0,15.0,1000
629,2016-09-15,3209.0,43.0,44.0,1002
630,2016-09-15,3210.0,14.0,12.0,1000
631,2016-09-15,3211.0,49.0,38.0,2007
632,2016-09-15,3212.0,10.0,7.0,1004
633,2016-09-15,3213.0,42.0,25.0,2006
634,2016-09-15,3214.0,47.0,45.0,1007
635,2016-09-15,3215.0,12.0,8.0,4002
636,2016-09-15,3216.0,1.0,1.0,2000
637,2016-09-15,3220.0,15.0,13.0,4000
638,2016-09-15,3225.0,24.0,16.0,3001
639,2016-09-15,3267.0,55.0,55.0,1007
640,2016-09-15,3268.0,12.0,10.0,2009
641,2016-09-15,3270.0,35.0,19.0,2002
642,2016-09-15,3272.0,25.0,16.0,2000
643,2016-09-15,3273.0,18.0,15.0,3004
644,2016-09-15,3275.0,27.0,23.0,1021
645,2016-09-15,3276.0,43.0,35.0,3004
646,2016-09-15,3278.0,26.0,26.0,2007
647,2016-09-15,3279.0,22.0,13.0,2011
648,2016-09-15,3281.0,3.0,5.0,2005
649,2016-09-16,3183.0,102.0,136.0,1004
650,2016-09-16,3184.0,45.0,32.0,1007
651,2016-09-16,3185.0,34.0,35.0,2003
652,2016-09-16,3186.0,178.0,239.0,3010
653,2016-09-16,3187.0,40.0,29.0,1012
654,2016-09-16,3188.0,1.0,3.0,4002
655,2016-09-16,3190.0,5.0,2.0,2001
656,2016-09-16,3192.0,21.0,27.0,1013
657,2016-09-16,3193.0,16.0,21.0,1008
658,2016-09-16,3194.0,48.0,25.0,1006
659,2016-09-16,3195.0,83.0,87.0,1009
660,2016-09-16,3196.0,2.0,2.0,2006
661,2016-09-16,3197.0,9.0,6.0,1000
662,2016-09-16,3198.0,9.0,10.0,1005
663,2016-09-16,3199.0,29.0,30.0,3002
664,2016-09-16,3200.0,1.0,1.0,1003
665,2016-09-16,3201.0,15.0,11.0,1007
666,2016-09-16,3202.0,56.0,80.0,3002
667,2016-09-16,3203.0,95.0,76.0,1003
668,2016-09-16,3205.0,22.0,20.0,1007
669,2016-09-16,3206.0,9.0,8.0,1000
670,2016-09-16,3207.0,19.0,14.0,1000
671,2016-09-16,3209.0,40.0,33.0,1002
672,2016-09-16,3210.0,9.0,10.0,1000
673,2016-09-16,3211.0,32.0,27.0,2007
674,2016-09-16,3212.0,12.0,7.0,1004
675,2016-09-16,3213.0,29.0,27.0,2006
676,2016-09-16,3214.0,43.0,38.0,1007
677,2016-09-16,3215.0,11.0,4.0,4002
678,2016-09-16,3216.0,2.0,1.0,2000
679,2016-09-16,3217.0,1.0,3.0,4003
680,2016-09-16,3220.0,11.0,10.0,4000
681,2016-09-16,3225.0,17.0,16.0,3001
682,2016-09-16,3267.0,49.0,47.0,1007
683,2016-09-16,3268.0,5.0,4.0,2009
684,2016-09-16,3270.0,38.0,26.0,2002
685,2016-09-16,3272.0,14.0,12.0,2000
686,2016-09-16,3273.0,25.0,17.0,3004
687,2016-09-16,3275.0,28.0,22.0,1021
688,2016-09-16,3276.0,40.0,51.0,3004
689,2016-09-16,3278.0,33.0,32.0,2007
690,2016-09-16,3279.0,26.0,17.0,2011
691,2016-09-16,3281.0,5.0,8.0,2005
692,2016-09-17,3183.0,47.0,66.0,1004
693,2016-09-17,3184.0,27.0,31.0,1007
694,2016-09-17,3185.0,26.0,28.0,2003
695,2016-09-17,3186.0,75.0,122.0,3010
696,2016-09-17,3187.0,45.0,43.0,1012
697,2016-09-17,3188.0,1.0,2.0,4002
698,2016-09-17,3190.0,1.0,2.0,2001
699,2016-09-17,3192.0,41.0,49.0,1013
700,2016-09-17,3193.0,12.0,9.0,1008
701,2016-09-17,3194.0,27.0,21.0,1006
702,2016-09-17,3195.0,52.0,49.0,1009
703,2016-09-17,3196.0,6.0,7.0,2006
704,2016-09-17,3197.0,2.0,3.0,1000
705,2016-09-17,3198.0,2.0,3.0,1005
706,2016-09-17,3199.0,37.0,33.0,3002
707,2016-09-17,3201.0,7.0,10.0,1007
708,2016-09-17,3202.0,36.0,41.0,3002
709,2016-09-17,3203.0,61.0,59.0,1003
710,2016-09-17,3205.0,22.0,20.0,1007
711,2016-09-17,3206.0,10.0,4.0,1000
712,2016-09-17,3207.0,14.0,8.0,1000
713,2016-09-17,3209.0,20.0,22.0,1002
714,2016-09-17,3210.0,6.0,8.0,1000
715,2016-09-17,3211.0,38.0,41.0,2007
716,2016-09-17,3212.0,9.0,6.0,1004
717,2016-09-17,3213.0,33.0,29.0,2006
718,2016-09-17,3214.0,28.0,25.0,1007
719,2016-09-17,3215.0,11.0,8.0,4002
720,2016-09-17,3216.0,1.0,1.0,2000
721,2016-09-17,3217.0,2.0,2.0,4003
722,2016-09-17,3220.0,12.0,7.0,4000
723,2016-09-17,3225.0,27.0,17.0,3001
724,2016-09-17,3267.0,51.0,48.0,1007
725,2016-09-17,3268.0,7.0,7.0,2009
726,2016-09-17,3270.0,20.0,16.0,2002
727,2016-09-17,3272.0,20.0,21.0,2000
728,2016-09-17,3273.0,19.0,22.0,3004
729,2016-09-17,3274.0,1.0,,1003
730,2016-09-17,3275.0,22.0,13.0,1021
731,2016-09-17,3276.0,46.0,44.0,3004
732,2016-09-17,3278.0,32.0,13.0,2007
733,2016-09-17,3279.0,14.0,13.0,2011
734,2016-09-17,3281.0,7.0,3.0,2005
735,2016-09-18,3183.0,71.0,72.0,1004
736,2016-09-18,3184.0,28.0,37.0,1007
737,2016-09-18,3185.0,31.0,33.0,2003
738,2016-09-18,3186.0,109.0,85.0,3010
739,2016-09-18,3187.0,43.0,43.0,1012
740,2016-09-18,3188.0,1.0,,4002
741,2016-09-18,3189.0,1.0,2.0,1003
742,2016-09-18,3190.0,1.0,2.0,2001
743,2016-09-18,3191.0,1.0,,1005
744,2016-09-18,3192.0,25.0,26.0,1013
745,2016-09-18,3193.0,9.0,10.0,1008
746,2016-09-18,3194.0,21.0,12.0,1006
747,2016-09-18,3195.0,46.0,44.0,1009
748,2016-09-18,3196.0,6.0,4.0,2006
749,2016-09-18,3197.0,6.0,2.0,1000
750,2016-09-18,3198.0,7.0,5.0,1005
751,2016-09-18,3199.0,41.0,39.0,3002
752,2016-09-18,3201.0,8.0,9.0,1007
753,2016-09-18,3202.0,58.0,61.0,3002
754,2016-09-18,3203.0,40.0,62.0,1003
755,2016-09-18,3205.0,24.0,30.0,1007
756,2016-09-18,3206.0,12.0,7.0,1000
757,2016-09-18,3207.0,14.0,12.0,1000
758,2016-09-18,3209.0,11.0,9.0,1002
759,2016-09-18,3210.0,8.0,9.0,1000
760,2016-09-18,3211.0,25.0,38.0,2007
761,2016-09-18,3212.0,12.0,7.0,1004
762,2016-09-18,3213.0,34.0,41.0,2006
763,2016-09-18,3214.0,28.0,35.0,1007
764,2016-09-18,3215.0,2.0,3.0,4002
765,2016-09-18,3216.0,1.0,1.0,2000
766,2016-09-18,3217.0,3.0,3.0,4003
767,2016-09-18,3220.0,6.0,9.0,4000
768,2016-09-18,3225.0,12.0,11.0,3001
769,2016-09-18,3267.0,49.0,45.0,1007
770,2016-09-18,3268.0,5.0,4.0,2009
771,2016-09-18,3270.0,14.0,12.0,2002
772,2016-09-18,3272.0,28.0,18.0,2000
773,2016-09-18,3273.0,13.0,8.0,3004
774,2016-09-18,3275.0,24.0,27.0,1021
775,2016-09-18,3276.0,54.0,53.0,3004
776,2016-09-18,3278.0,14.0,19.0,2007
777,2016-09-18,3279.0,13.0,9.0,2011
778,2016-09-18,3281.0,1.0,1.0,2005
779,2016-09-19,3183.0,71.0,46.0,1004
780,2016-09-19,3184.0,15.0,15.0,1007
781,2016-09-19,3185.0,22.0,12.0,2003
782,2016-09-19,3186.0,96.0,101.0,3010
783,2016-09-19,3187.0,22.0,22.0,1012
784,2016-09-19,3188.0,3.0,2.0,4002
785,2016-09-19,3190.0,2.0,1.0,2001
786,2016-09-19,3192.0,12.0,11.0,1013
787,2016-09-19,3193.0,6.0,16.0,1008
788,2016-09-19,3194.0,28.0,18.0,1006
789,2016-09-19,3195.0,54.0,51.0,1009
790,2016-09-19,3196.0,1.0,4.0,2006
791,2016-09-19,3197.0,1.0,3.0,1000
792,2016-09-19,3198.0,6.0,4.0,1005
793,2016-09-19,3199.0,21.0,19.0,3002
794,2016-09-19,3200.0,1.0,1.0,1003
795,2016-09-19,3201.0,2.0,5.0,1007
796,2016-09-19,3202.0,28.0,24.0,3002
797,2016-09-19,3203.0,28.0,38.0,1003
798,2016-09-19,3205.0,7.0,9.0,1007
799,2016-09-19,3206.0,9.0,4.0,1000
800,2016-09-19,3207.0,14.0,15.0,1000
801,2016-09-19,3209.0,21.0,27.0,1002
802,2016-09-19,3210.0,3.0,7.0,1000
803,2016-09-19,3211.0,27.0,27.0,2007
804,2016-09-19,3212.0,7.0,5.0,1004
805,2016-09-19,3213.0,14.0,18.0,2006
806,2016-09-19,3214.0,17.0,21.0,1007
807,2016-09-19,3215.0,2.0,7.0,4002
808,2016-09-19,3216.0,1.0,,2000
809,2016-09-19,3217.0,2.0,,4003
810,2016-09-19,3220.0,17.0,8.0,4000
811,2016-09-19,3225.0,14.0,11.0,3001
812,2016-09-19,3267.0,30.0,34.0,1007
813,2016-09-19,3268.0,2.0,9.0,2009
814,2016-09-19,3270.0,17.0,11.0,2002
815,2016-09-19,3272.0,7.0,7.0,2000
816,2016-09-19,3273.0,9.0,7.0,3004
817,2016-09-19,3274.0,1.0,1.0,1003
818,2016-09-19,3275.0,17.0,17.0,1021
819,2016-09-19,3276.0,20.0,26.0,3004
820,2016-09-19,3278.0,16.0,16.0,2007
821,2016-09-19,3279.0,9.0,9.0,2011
822,2016-09-20,3183.0,98.0,122.0,1004
823,2016-09-20,3184.0,40.0,28.0,1007
824,2016-09-20,3185.0,38.0,24.0,2003
825,2016-09-20,3186.0,193.0,228.0,3010
826,2016-09-20,3187.0,31.0,36.0,1012
827,2016-09-20,3188.0,6.0,3.0,4002
828,2016-09-20,3189.0,1.0,4.0,1003
829,2016-09-20,3190.0,1.0,,2001
830,2016-09-20,3192.0,23.0,17.0,1013
831,2016-09-20,3193.0,19.0,19.0,1008
832,2016-09-20,3194.0,36.0,27.0,1006
833,2016-09-20,3195.0,72.0,78.0,1009
834,2016-09-20,3196.0,5.0,6.0,2006
835,2016-09-20,3197.0,6.0,6.0,1000
836,2016-09-20,3198.0,13.0,8.0,1005
837,2016-09-20,3199.0,40.0,29.0,3002
838,2016-09-20,3201.0,12.0,13.0,1007
839,2016-09-20,3202.0,51.0,71.0,3002
840,2016-09-20,3203.0,80.0,81.0,1003
841,2016-09-20,3205.0,15.0,13.0,1007
842,2016-09-20,3206.0,8.0,2.0,1000
843,2016-09-20,3207.0,17.0,18.0,1000
844,2016-09-20,3209.0,33.0,33.0,1002
845,2016-09-20,3210.0,13.0,14.0,1000
846,2016-09-20,3211.0,42.0,29.0,2007
847,2016-09-20,3212.0,8.0,8.0,1004
848,2016-09-20,3213.0,35.0,33.0,2006
849,2016-09-20,3214.0,36.0,39.0,1007
850,2016-09-20,3215.0,10.0,6.0,4002
851,2016-09-20,3217.0,2.0,1.0,4003
852,2016-09-20,3220.0,21.0,12.0,4000
853,2016-09-20,3225.0,18.0,16.0,3001
854,2016-09-20,3267.0,47.0,59.0,1007
855,2016-09-20,3268.0,8.0,8.0,2009
856,2016-09-20,3270.0,33.0,26.0,2002
857,2016-09-20,3272.0,26.0,12.0,2000
858,2016-09-20,3273.0,14.0,9.0,3004
859,2016-09-20,3274.0,1.0,2.0,1003
860,2016-09-20,3275.0,35.0,24.0,1021
861,2016-09-20,3276.0,33.0,45.0,3004
862,2016-09-20,3278.0,25.0,33.0,2007
863,2016-09-20,3279.0,30.0,29.0,2011
864,2016-09-20,3281.0,6.0,6.0,2005
865,2016-09-21,3183.0,107.0,134.0,1004
866,2016-09-21,3184.0,36.0,27.0,1007
867,2016-09-21,3185.0,33.0,28.0,2003
868,2016-09-21,3186.0,160.0,230.0,3010
869,2016-09-21,3187.0,42.0,36.0,1012
870,2016-09-21,3188.0,4.0,4.0,4002
871,2016-09-21,3190.0,2.0,1.0,2001
872,2016-09-21,3191.0,1.0,1.0,1005
873,2016-09-21,3192.0,21.0,15.0,1013
874,2016-09-21,3193.0,13.0,13.0,1008
875,2016-09-21,3194.0,43.0,27.0,1006
876,2016-09-21,3195.0,80.0,82.0,1009
877,2016-09-21,3196.0,10.0,2.0,2006
878,2016-09-21,3197.0,9.0,8.0,1000
879,2016-09-21,3198.0,9.0,10.0,1005
880,2016-09-21,3199.0,28.0,21.0,3002
881,2016-09-21,3200.0,1.0,1.0,1003
882,2016-09-21,3201.0,9.0,10.0,1007
883,2016-09-21,3202.0,44.0,56.0,3002
884,2016-09-21,3203.0,66.0,77.0,1003
885,2016-09-21,3205.0,19.0,21.0,1007
886,2016-09-21,3206.0,16.0,9.0,1000
887,2016-09-21,3207.0,24.0,20.0,1000
888,2016-09-21,3209.0,39.0,35.0,1002
889,2016-09-21,3210.0,10.0,9.0,1000
890,2016-09-21,3211.0,32.0,35.0,2007
891,2016-09-21,3212.0,15.0,6.0,1004
892,2016-09-21,3213.0,39.0,28.0,2006
893,2016-09-21,3214.0,41.0,48.0,1007
894,2016-09-21,3215.0,7.0,6.0,4002
895,2016-09-21,3216.0,2.0,2.0,2000
896,2016-09-21,3217.0,2.0,1.0,4003
897,2016-09-21,3220.0,10.0,9.0,4000
898,2016-09-21,3225.0,17.0,13.0,3001
899,2016-09-21,3267.0,54.0,50.0,1007
900,2016-09-21,3268.0,4.0,7.0,2009
901,2016-09-21,3270.0,44.0,14.0,2002
902,2016-09-21,3272.0,20.0,28.0,2000
903,2016-09-21,3273.0,13.0,6.0,3004
904,2016-09-21,3275.0,21.0,19.0,1021
905,2016-09-21,3276.0,37.0,40.0,3004
906,2016-09-21,3278.0,32.0,31.0,2007
907,2016-09-21,3279.0,24.0,16.0,2011
908,2016-09-21,3281.0,5.0,6.0,2005
909,2016-09-22,3183.0,111.0,145.0,1004
910,2016-09-22,3184.0,44.0,35.0,1007
911,2016-09-22,3185.0,40.0,38.0,2003
912,2016-09-22,3186.0,172.0,234.0,3010
913,2016-09-22,3187.0,42.0,35.0,1012
914,2016-09-22,3188.0,4.0,4.0,4002
915,2016-09-22,3189.0,2.0,2.0,1003
916,2016-09-22,3190.0,2.0,3.0,2001
917,2016-09-22,3191.0,1.0,4.0,1005
918,2016-09-22,3192.0,26.0,25.0,1013
919,2016-09-22,3193.0,18.0,25.0,1008
920,2016-09-22,3194.0,36.0,24.0,1006
921,2016-09-22,3195.0,88.0,78.0,1009
922,2016-09-22,3196.0,4.0,3.0,2006
923,2016-09-22,3197.0,10.0,6.0,1000
924,2016-09-22,3198.0,2.0,7.0,1005
925,2016-09-22,3199.0,33.0,31.0,3002
926,2016-09-22,3200.0,1.0,1.0,1003
927,2016-09-22,3201.0,9.0,11.0,1007
928,2016-09-22,3202.0,71.0,62.0,3002
929,2016-09-22,3203.0,83.0,79.0,1003
930,2016-09-22,3205.0,15.0,15.0,1007
931,2016-09-22,3206.0,14.0,10.0,1000
932,2016-09-22,3207.0,26.0,13.0,1000
933,2016-09-22,3209.0,38.0,38.0,1002
934,2016-09-22,3210.0,15.0,11.0,1000
935,2016-09-22,3211.0,36.0,35.0,2007
936,2016-09-22,3212.0,6.0,5.0,1004
937,2016-09-22,3213.0,36.0,32.0,2006
938,2016-09-22,3214.0,45.0,43.0,1007
939,2016-09-22,3215.0,7.0,5.0,4002
940,2016-09-22,3216.0,1.0,3.0,2000
941,2016-09-22,3217.0,2.0,1.0,4003
942,2016-09-22,3220.0,11.0,14.0,4000
943,2016-09-22,3225.0,13.0,11.0,3001
944,2016-09-22,3267.0,54.0,57.0,1007
945,2016-09-22,3268.0,8.0,9.0,2009
946,2016-09-22,3270.0,36.0,25.0,2002
947,2016-09-22,3272.0,31.0,25.0,2000
948,2016-09-22,3273.0,14.0,12.0,3004
949,2016-09-22,3274.0,2.0,1.0,1003
950,2016-09-22,3275.0,17.0,19.0,1021
951,2016-09-22,3276.0,43.0,46.0,3004
952,2016-09-22,3278.0,29.0,25.0,2007
953,2016-09-22,3279.0,25.0,18.0,2011
954,2016-09-22,3281.0,5.0,3.0,2005
955,2016-09-23,3183.0,105.0,146.0,1004
956,2016-09-23,3184.0,55.0,30.0,1007
957,2016-09-23,3185.0,32.0,28.0,2003
958,2016-09-23,3186.0,163.0,233.0,3010
959,2016-09-23,3187.0,41.0,39.0,1012
960,2016-09-23,3188.0,1.0,1.0,4002
961,2016-09-23,3190.0,3.0,4.0,2001
962,2016-09-23,3191.0,2.0,1.0,1005
963,2016-09-23,3192.0,23.0,23.0,1013
964,2016-09-23,3193.0,15.0,18.0,1008
965,2016-09-23,3194.0,37.0,26.0,1006
966,2016-09-23,3195.0,78.0,75.0,1009
967,2016-09-23,3196.0,5.0,6.0,2006
968,2016-09-23,3197.0,7.0,3.0,1000
969,2016-09-23,3198.0,9.0,9.0,1005
970,2016-09-23,3199.0,33.0,41.0,3002
971,2016-09-23,3201.0,7.0,12.0,1007
972,2016-09-23,3202.0,78.0,75.0,3002
973,2016-09-23,3203.0,87.0,87.0,1003
974,2016-09-23,3205.0,27.0,24.0,1007
975,2016-09-23,3206.0,13.0,12.0,1000
976,2016-09-23,3207.0,14.0,15.0,1000
977,2016-09-23,3209.0,36.0,36.0,1002
978,2016-09-23,3210.0,11.0,8.0,1000
979,2016-09-23,3211.0,31.0,36.0,2007
980,2016-09-23,3212.0,9.0,6.0,1004
981,2016-09-23,3213.0,32.0,17.0,2006
982,2016-09-23,3214.0,43.0,45.0,1007
983,2016-09-23,3215.0,13.0,7.0,4002
984,2016-09-23,3216.0,3.0,2.0,2000
985,2016-09-23,3217.0,2.0,1.0,4003
986,2016-09-23,3220.0,15.0,10.0,4000
987,2016-09-23,3225.0,13.0,17.0,3001
988,2016-09-23,3267.0,47.0,52.0,1007
989,2016-09-23,3268.0,6.0,8.0,2009
990,2016-09-23,3270.0,41.0,23.0,2002
991,2016-09-23,3272.0,24.0,21.0,2000
992,2016-09-23,3273.0,15.0,11.0,3004
993,2016-09-23,3275.0,29.0,22.0,1021
994,2016-09-23,3276.0,53.0,49.0,3004
995,2016-09-23,3278.0,28.0,23.0,2007
996,2016-09-23,3279.0,28.0,17.0,2011
997,2016-09-23,3281.0,7.0,2.0,2005
998,2016-09-24,3183.0,46.0,68.0,1004
999,2016-09-24,3184.0,32.0,30.0,1007
1000,2016-09-24,3185.0,19.0,21.0,2003
1001,2016-09-24,3186.0,86.0,105.0,3010
1002,2016-09-24,3187.0,36.0,36.0,1012
1003,2016-09-24,3188.0,1.0,,4002
1004,2016-09-24,3189.0,2.0,4.0,1003
1005,2016-09-24,3190.0,5.0,1.0,2001
1006,2016-09-24,3191.0,2.0,2.0,1005
1007,2016-09-24,3192.0,32.0,35.0,1013
1008,2016-09-24,3193.0,10.0,11.0,1008
1009,2016-09-24,3194.0,30.0,20.0,1006
1010,2016-09-24,3195.0,45.0,42.0,1009
1011,2016-09-24,3196.0,10.0,7.0,2006
1012,2016-09-24,3197.0,6.0,6.0,1000
1013,2016-09-24,3198.0,3.0,3.0,1005
1014,2016-09-24,3199.0,40.0,37.0,3002
1015,2016-09-24,3201.0,5.0,2.0,1007
1016,2016-09-24,3202.0,46.0,52.0,3002
1017,2016-09-24,3203.0,70.0,74.0,1003
1018,2016-09-24,3205.0,26.0,31.0,1007
1019,2016-09-24,3206.0,14.0,11.0,1000
1020,2016-09-24,3207.0,8.0,7.0,1000
1021,2016-09-24,3209.0,32.0,25.0,1002
1022,2016-09-24,3210.0,11.0,7.0,1000
1023,2016-09-24,3211.0,38.0,50.0,2007
1024,2016-09-24,3212.0,7.0,4.0,1004
1025,2016-09-24,3213.0,24.0,29.0,2006
1026,2016-09-24,3214.0,23.0,28.0,1007
1027,2016-09-24,3215.0,5.0,4.0,4002
1028,2016-09-24,3216.0,2.0,2.0,2000
1029,2016-09-24,3217.0,2.0,3.0,4003
1030,2016-09-24,3220.0,9.0,11.0,4000
1031,2016-09-24,3225.0,14.0,6.0,3001
1032,2016-09-24,3267.0,44.0,42.0,1007
1033,2016-09-24,3268.0,6.0,3.0,2009
1034,2016-09-24,3270.0,29.0,30.0,2002
1035,2016-09-24,3272.0,16.0,15.0,2000
1036,2016-09-24,3273.0,15.0,7.0,3004
1037,2016-09-24,3275.0,25.0,20.0,1021
1038,2016-09-24,3276.0,49.0,42.0,3004
1039,2016-09-24,3278.0,29.0,14.0,2007
1040,2016-09-24,3279.0,18.0,16.0,2011
1041,2016-09-24,3281.0,5.0,3.0,2005
1042,2016-09-25,3183.0,72.0,77.0,1004
1043,2016-09-25,3184.0,41.0,44.0,1007
1044,2016-09-25,3185.0,31.0,29.0,2003
1045,2016-09-25,3186.0,90.0,99.0,3010
1046,2016-09-25,3187.0,46.0,43.0,1012
1047,2016-09-25,3188.0,2.0,2.0,4002
1048,2016-09-25,3189.0,1.0,1.0,1003
1049,2016-09-25,3190.0,4.0,4.0,2001
1050,2016-09-25,3192.0,39.0,42.0,1013
1051,2016-09-25,3193.0,27.0,30.0,1008
1052,2016-09-25,3194.0,17.0,15.0,1006
1053,2016-09-25,3195.0,42.0,36.0,1009
1054,2016-09-25,3196.0,8.0,9.0,2006
1055,2016-09-25,3197.0,8.0,6.0,1000
1056,2016-09-25,3198.0,8.0,11.0,1005
1057,2016-09-25,3199.0,62.0,62.0,3002
1058,2016-09-25,3200.0,1.0,1.0,1003
1059,2016-09-25,3201.0,14.0,14.0,1007
1060,2016-09-25,3202.0,36.0,42.0,3002
1061,2016-09-25,3203.0,44.0,47.0,1003
1062,2016-09-25,3205.0,39.0,32.0,1007
1063,2016-09-25,3206.0,17.0,7.0,1000
1064,2016-09-25,3207.0,12.0,7.0,1000
1065,2016-09-25,3209.0,20.0,34.0,1002
1066,2016-09-25,3210.0,6.0,8.0,1000
1067,2016-09-25,3211.0,26.0,44.0,2007
1068,2016-09-25,3212.0,9.0,7.0,1004
1069,2016-09-25,3213.0,38.0,38.0,2006
1070,2016-09-25,3214.0,25.0,31.0,1007
1071,2016-09-25,3215.0,10.0,6.0,4002
1072,2016-09-25,3216.0,1.0,1.0,2000
1073,2016-09-25,3217.0,5.0,4.0,4003
1074,2016-09-25,3220.0,9.0,6.0,4000
1075,2016-09-25,3225.0,16.0,11.0,3001
1076,2016-09-25,3267.0,44.0,45.0,1007
1077,2016-09-25,3268.0,6.0,4.0,2009
1078,2016-09-25,3270.0,19.0,17.0,2002
1079,2016-09-25,3272.0,33.0,22.0,2000
1080,2016-09-25,3273.0,12.0,11.0,3004
1081,2016-09-25,3274.0,1.0,1.0,1003
1082,2016-09-25,3275.0,29.0,29.0,1021
1083,2016-09-25,3276.0,37.0,37.0,3004
1084,2016-09-25,3278.0,24.0,24.0,2007
1085,2016-09-25,3279.0,13.0,11.0,2011
1086,2016-09-25,3281.0,5.0,3.0,2005
1087,2016-09-26,3183.0,109.0,121.0,1004
1088,2016-09-26,3184.0,28.0,35.0,1007
1089,2016-09-26,3185.0,27.0,31.0,2003
1090,2016-09-26,3186.0,183.0,224.0,3010
1091,2016-09-26,3187.0,36.0,36.0,1012
1092,2016-09-26,3188.0,3.0,2.0,4002
1093,2016-09-26,3190.0,2.0,4.0,2001
1094,2016-09-26,3191.0,1.0,2.0,1005
1095,2016-09-26,3192.0,20.0,20.0,1013
1096,2016-09-26,3193.0,15.0,20.0,1008
1097,2016-09-26,3194.0,29.0,23.0,1006
1098,2016-09-26,3195.0,78.0,81.0,1009
1099,2016-09-26,3196.0,4.0,4.0,2006
1100,2016-09-26,3197.0,10.0,11.0,1000
1101,2016-09-26,3198.0,15.0,10.0,1005
1102,2016-09-26,3199.0,32.0,33.0,3002
1103,2016-09-26,3200.0,1.0,1.0,1003
1104,2016-09-26,3201.0,11.0,8.0,1007
1105,2016-09-26,3202.0,65.0,67.0,3002
1106,2016-09-26,3203.0,75.0,91.0,1003
1107,2016-09-26,3205.0,20.0,16.0,1007
1108,2016-09-26,3206.0,14.0,6.0,1000
1109,2016-09-26,3207.0,24.0,17.0,1000
1110,2016-09-26,3209.0,32.0,37.0,1002
1111,2016-09-26,3210.0,8.0,8.0,1000
1112,2016-09-26,3211.0,28.0,29.0,2007
1113,2016-09-26,3212.0,9.0,5.0,1004
1114,2016-09-26,3213.0,35.0,27.0,2006
1115,2016-09-26,3214.0,33.0,44.0,1007
1116,2016-09-26,3215.0,4.0,7.0,4002
1117,2016-09-26,3216.0,3.0,4.0,2000
1118,2016-09-26,3217.0,2.0,1.0,4003
1119,2016-09-26,3220.0,18.0,12.0,4000
1120,2016-09-26,3225.0,22.0,18.0,3001
1121,2016-09-26,3267.0,54.0,48.0,1007
1122,2016-09-26,3268.0,5.0,9.0,2009
1123,2016-09-26,3270.0,28.0,17.0,2002
1124,2016-09-26,3272.0,32.0,33.0,2000
1125,2016-09-26,3273.0,18.0,10.0,3004
1126,2016-09-26,3275.0,22.0,18.0,1021
1127,2016-09-26,3276.0,46.0,36.0,3004
1128,2016-09-26,3278.0,31.0,18.0,2007
1129,2016-09-26,3279.0,19.0,11.0,2011
1130,2016-09-26,3281.0,8.0,4.0,2005
1131,2016-09-27,3183.0,87.0,120.0,1004
1132,2016-09-27,3184.0,38.0,44.0,1007
1133,2016-09-27,3185.0,43.0,29.0,2003
1134,2016-09-27,3186.0,167.0,214.0,3010
1135,2016-09-27,3187.0,34.0,32.0,1012
1136,2016-09-27,3188.0,1.0,1.0,4002
1137,2016-09-27,3190.0,4.0,5.0,2001
1138,2016-09-27,3191.0,1.0,4.0,1005
1139,2016-09-27,3192.0,25.0,25.0,1013
1140,2016-09-27,3193.0,9.0,10.0,1008
1141,2016-09-27,3194.0,35.0,37.0,1006
1142,2016-09-27,3195.0,99.0,78.0,1009
1143,2016-09-27,3196.0,8.0,8.0,2006
1144,2016-09-27,3197.0,7.0,3.0,1000
1145,2016-09-27,3198.0,8.0,7.0,1005
1146,2016-09-27,3199.0,38.0,28.0,3002
1147,2016-09-27,3200.0,2.0,1.0,1003
1148,2016-09-27,3201.0,12.0,10.0,1007
1149,2016-09-27,3202.0,45.0,49.0,3002
1150,2016-09-27,3203.0,84.0,79.0,1003
1151,2016-09-27,3205.0,16.0,17.0,1007
1152,2016-09-27,3206.0,15.0,5.0,1000
1153,2016-09-27,3207.0,23.0,23.0,1000
1154,2016-09-27,3209.0,38.0,32.0,1002
1155,2016-09-27,3210.0,11.0,15.0,1000
1156,2016-09-27,3211.0,24.0,29.0,2007
1157,2016-09-27,3212.0,12.0,11.0,1004
1158,2016-09-27,3213.0,25.0,32.0,2006
1159,2016-09-27,3214.0,35.0,31.0,1007
1160,2016-09-27,3215.0,9.0,9.0,4002
1161,2016-09-27,3216.0,3.0,2.0,2000
1162,2016-09-27,3217.0,2.0,1.0,4003
1163,2016-09-27,3220.0,13.0,12.0,4000
1164,2016-09-27,3225.0,18.0,13.0,3001
1165,2016-09-27,3267.0,46.0,41.0,1007
1166,2016-09-27,3268.0,8.0,12.0,2009
1167,2016-09-27,3270.0,37.0,17.0,2002
1168,2016-09-27,3272.0,40.0,38.0,2000
1169,2016-09-27,3273.0,19.0,17.0,3004
1170,2016-09-27,3275.0,23.0,24.0,1021
1171,2016-09-27,3276.0,41.0,39.0,3004
1172,2016-09-27,3278.0,30.0,25.0,2007
1173,2016-09-27,3279.0,25.0,28.0,2011
1174,2016-09-27,3281.0,7.0,9.0,2005
1175,2016-09-28,3183.0,103.0,120.0,1004
1176,2016-09-28,3184.0,21.0,24.0,1007
1177,2016-09-28,3185.0,28.0,32.0,2003
1178,2016-09-28,3186.0,159.0,225.0,3010
1179,2016-09-28,3187.0,32.0,29.0,1012
1180,2016-09-28,3188.0,1.0,3.0,4002
1181,2016-09-28,3190.0,4.0,5.0,2001
1182,2016-09-28,3191.0,2.0,2.0,1005
1183,2016-09-28,3192.0,21.0,20.0,1013
1184,2016-09-28,3193.0,13.0,13.0,1008
1185,2016-09-28,3194.0,42.0,24.0,1006
1186,2016-09-28,3195.0,83.0,87.0,1009
1187,2016-09-28,3196.0,6.0,4.0,2006
1188,2016-09-28,3197.0,9.0,9.0,1000
1189,2016-09-28,3198.0,12.0,9.0,1005
1190,2016-09-28,3199.0,27.0,25.0,3002
1191,2016-09-28,3200.0,1.0,1.0,1003
1192,2016-09-28,3201.0,11.0,10.0,1007
1193,2016-09-28,3202.0,73.0,82.0,3002
1194,2016-09-28,3203.0,78.0,69.0,1003
1195,2016-09-28,3205.0,19.0,19.0,1007
1196,2016-09-28,3206.0,13.0,9.0,1000
1197,2016-09-28,3207.0,19.0,11.0,1000
1198,2016-09-28,3209.0,38.0,39.0,1002
1199,2016-09-28,3210.0,14.0,11.0,1000
1200,2016-09-28,3211.0,37.0,31.0,2007
1201,2016-09-28,3212.0,13.0,9.0,1004
1202,2016-09-28,3213.0,30.0,21.0,2006
1203,2016-09-28,3214.0,33.0,36.0,1007
1204,2016-09-28,3215.0,7.0,6.0,4002
1205,2016-09-28,3216.0,1.0,1.0,2000
1206,2016-09-28,3217.0,1.0,1.0,4003
1207,2016-09-28,3220.0,11.0,12.0,4000
1208,2016-09-28,3225.0,15.0,16.0,3001
1209,2016-09-28,3267.0,51.0,43.0,1007
1210,2016-09-28,3268.0,3.0,4.0,2009
1211,2016-09-28,3270.0,35.0,26.0,2002
1212,2016-09-28,3272.0,29.0,20.0,2000
1213,2016-09-28,3273.0,12.0,8.0,3004
1214,2016-09-28,3275.0,21.0,22.0,1021
1215,2016-09-28,3276.0,50.0,39.0,3004
1216,2016-09-28,3278.0,33.0,31.0,2007
1217,2016-09-28,3279.0,26.0,25.0,2011
1218,2016-09-28,3281.0,5.0,5.0,2005
1219,2016-09-29,3183.0,81.0,109.0,1004
1220,2016-09-29,3184.0,43.0,30.0,1007
1221,2016-09-29,3185.0,37.0,36.0,2003
1222,2016-09-29,3186.0,144.0,227.0,3010
1223,2016-09-29,3187.0,30.0,22.0,1012
1224,2016-09-29,3190.0,4.0,2.0,2001
1225,2016-09-29,3191.0,2.0,2.0,1005
1226,2016-09-29,3192.0,21.0,22.0,1013
1227,2016-09-29,3193.0,5.0,10.0,1008
1228,2016-09-29,3194.0,38.0,22.0,1006
1229,2016-09-29,3195.0,75.0,71.0,1009
1230,2016-09-29,3196.0,8.0,3.0,2006
1231,2016-09-29,3197.0,6.0,5.0,1000
1232,2016-09-29,3198.0,6.0,6.0,1005
1233,2016-09-29,3199.0,21.0,26.0,3002
1234,2016-09-29,3200.0,1.0,1.0,1003
1235,2016-09-29,3201.0,7.0,9.0,1007
1236,2016-09-29,3202.0,72.0,76.0,3002
1237,2016-09-29,3203.0,70.0,77.0,1003
1238,2016-09-29,3205.0,13.0,15.0,1007
1239,2016-09-29,3206.0,13.0,11.0,1000
1240,2016-09-29,3207.0,16.0,15.0,1000
1241,2016-09-29,3209.0,33.0,24.0,1002
1242,2016-09-29,3210.0,10.0,11.0,1000
1243,2016-09-29,3211.0,34.0,37.0,2007
1244,2016-09-29,3212.0,9.0,6.0,1004
1245,2016-09-29,3213.0,27.0,23.0,2006
1246,2016-09-29,3214.0,34.0,22.0,1007
1247,2016-09-29,3215.0,4.0,5.0,4002
1248,2016-09-29,3220.0,11.0,8.0,4000
1249,2016-09-29,3225.0,17.0,11.0,3001
1250,2016-09-29,3267.0,42.0,47.0,1007
1251,2016-09-29,3268.0,10.0,11.0,2009
1252,2016-09-29,3270.0,39.0,19.0,2002
1253,2016-09-29,3272.0,27.0,25.0,2000
1254,2016-09-29,3273.0,22.0,9.0,3004
1255,2016-09-29,3275.0,19.0,15.0,1021
1256,2016-09-29,3276.0,30.0,37.0,3004
1257,2016-09-29,3278.0,32.0,15.0,2007
1258,2016-09-29,3279.0,25.0,16.0,2011
1259,2016-09-29,3281.0,6.0,4.0,2005
1260,2016-09-30,3183.0,30.0,54.0,1004
1261,2016-09-30,3184.0,13.0,11.0,1007
1262,2016-09-30,3185.0,12.0,15.0,2003
1263,2016-09-30,3186.0,50.0,117.0,3010
1264,2016-09-30,3187.0,14.0,13.0,1012
1265,2016-09-30,3190.0,3.0,3.0,2001
1266,2016-09-30,3192.0,9.0,5.0,1013
1267,2016-09-30,3193.0,2.0,4.0,1008
1268,2016-09-30,3194.0,26.0,16.0,1006
1269,2016-09-30,3195.0,27.0,40.0,1009
1270,2016-09-30,3196.0,1.0,1.0,2006
1271,2016-09-30,3198.0,3.0,3.0,1005
1272,2016-09-30,3199.0,6.0,3.0,3002
1273,2016-09-30,3200.0,1.0,,1003
1274,2016-09-30,3201.0,1.0,3.0,1007
1275,2016-09-30,3202.0,18.0,31.0,3002
1276,2016-09-30,3203.0,39.0,25.0,1003
1277,2016-09-30,3205.0,6.0,7.0,1007
1278,2016-09-30,3206.0,3.0,1.0,1000
1279,2016-09-30,3207.0,11.0,6.0,1000
1280,2016-09-30,3209.0,20.0,15.0,1002
1281,2016-09-30,3210.0,7.0,2.0,1000
1282,2016-09-30,3211.0,18.0,7.0,2007
1283,2016-09-30,3212.0,3.0,2.0,1004
1284,2016-09-30,3213.0,14.0,6.0,2006
1285,2016-09-30,3214.0,10.0,12.0,1007
1286,2016-09-30,3215.0,5.0,3.0,4002
1287,2016-09-30,3217.0,1.0,,4003
1288,2016-09-30,3220.0,3.0,2.0,4000
1289,2016-09-30,3225.0,9.0,6.0,3001
1290,2016-09-30,3267.0,26.0,16.0,1007
1291,2016-09-30,3268.0,1.0,1.0,2009
1292,2016-09-30,3270.0,23.0,8.0,2002
1293,2016-09-30,3272.0,11.0,6.0,2000
1294,2016-09-30,3273.0,4.0,2.0,3004
1295,2016-09-30,3274.0,1.0,1.0,1003
1296,2016-09-30,3275.0,5.0,7.0,1021
1297,2016-09-30,3276.0,12.0,12.0,3004
1298,2016-09-30,3278.0,18.0,6.0,2007
1299,2016-09-30,3279.0,13.0,5.0,2011
1300,2016-09-30,3281.0,3.0,1.0,2005
1301,2016-09-01,3189.0,,2.0,1003
1302,2016-09-01,3216.0,,1.0,2000
1303,2016-09-01,3217.0,,1.0,4003
1304,2016-09-03,3191.0,,2.0,1005
1305,2016-09-04,3216.0,,1.0,2000
1306,2016-09-05,3188.0,,1.0,4002
1307,2016-09-06,427.0,,1.0,
1308,2016-09-07,347.0,,1.0,
1309,2016-09-07,3191.0,,2.0,1005
1310,2016-09-08,3191.0,,1.0,1005
1311,2016-09-08,3217.0,,2.0,4003
1312,2016-09-09,3191.0,,1.0,1005
1313,2016-09-10,3188.0,,2.0,4002
1314,2016-09-10,3200.0,,1.0,1003
1315,2016-09-11,3200.0,,2.0,1003
1316,2016-09-12,3189.0,,2.0,1003
1317,2016-09-12,3191.0,,4.0,1005
1318,2016-09-12,3274.0,,1.0,1003
1319,2016-09-13,3189.0,,2.0,1003
1320,2016-09-14,3189.0,,2.0,1003
1321,2016-09-14,3191.0,,2.0,1005
1322,2016-09-14,3274.0,,1.0,1003
1323,2016-09-15,3189.0,,1.0,1003
1324,2016-09-15,3274.0,,1.0,1003
1325,2016-09-16,359.0,,1.0,
1326,2016-09-16,3189.0,,1.0,1003
1327,2016-09-16,3191.0,,1.0,1005
1328,2016-09-17,3191.0,,3.0,1005
1329,2016-09-18,426.0,,1.0,
1330,2016-09-18,514.0,,1.0,
1331,2016-09-19,3189.0,,2.0,1003
1332,2016-09-19,3191.0,,2.0,1005
1333,2016-09-19,3281.0,,6.0,2005
1334,2016-09-20,3191.0,,3.0,1005
1335,2016-09-20,3200.0,,2.0,1003
1336,2016-09-20,3216.0,,1.0,2000
1337,2016-09-21,347.0,,1.0,
1338,2016-09-21,3189.0,,2.0,1003
1339,2016-09-23,3189.0,,1.0,1003
1340,2016-09-24,3200.0,,1.0,1003
1341,2016-09-25,3191.0,,2.0,1005
1342,2016-09-26,3085.0,,1.0,
1343,2016-09-27,3189.0,,1.0,1003
1344,2016-09-28,3189.0,,3.0,1003
1345,2016-09-29,3188.0,,1.0,4002
1346,2016-09-29,3189.0,,2.0,1003
1347,2016-09-29,3216.0,,1.0,2000
1348,2016-09-29,3217.0,,3.0,4003
1349,2016-09-30,3189.0,,1.0,1003
1350,2016-09-30,3191.0,,1.0,1005
1351,2016-09-30,3197.0,,1.0,1000
1352,2016-09-30,3216.0,,1.0,2000
1353,2016-10-01,3272.0,,1.0,2000
