,StationID,Division,Station_Name,Station_Latitude,Station_Longitude,LINENAME
0,75.0,BMT,1st Av,40.730953,-73.981628,L
1,76.0,BMT,1st Av,40.730953,-73.981628,L
2,77.0,BMT,1st Av,40.730953,-73.981628,L
3,0.0,IRT,103rd St,40.799446,-73.968379,1
4,1.0,IRT,103rd St,40.7906,-73.947478,6
5,3.0,IND,103rd St,40.796092,-73.961454,BC
6,2.0,IRT,103rd St,40.749865,-73.8627,7
7,4.0,BMT,104th St-102nd St,40.695178,-73.84433,JZ
8,6.0,IRT,110th St,40.79502,-73.94425,6
9,341.0,IRT,Cathedral Parkway-110th St,40.803967,-73.966847,1
10,342.0,IRT,Cathedral Parkway-110th St,40.803967,-73.966847,1
11,7.0,IRT,110th St-Central Park North,40.799075,-73.951822,23
12,8.0,IRT,110th St-Central Park North,40.799075,-73.951822,23
13,9.0,IRT,111th St,40.75173,-73.855334,7
14,10.0,BMT,111th St,40.697418,-73.836345,J
15,13.0,IRT,116th St,40.802098,-73.949625,23
16,14.0,IRT,116th St,40.798629,-73.941617,6
17,15.0,IND,116th St,40.805085,-73.954882,BC
18,16.0,IRT,116th St-Columbia University,40.807722,-73.96411,1
19,17.0,BMT,121st St,40.700492,-73.828294,JZ
20,18.0,IRT,125th St,40.815581,-73.958372,1
21,19.0,IRT,125th St,40.807754,-73.945495,23
22,20.0,IRT,125th St,40.804138,-73.937594,456
23,21.0,IND,125th St,40.811109,-73.952343,ABCD
24,22.0,IRT,135th St,40.814229,-73.94077,23
25,23.0,IND,135th St,40.817894,-73.947649,BC
26,24.0,IRT,137th St-City College,40.822008,-73.953676,1
27,25.0,IRT,137th St-City College,40.822008,-73.953676,1
28,28.0,IRT,138th St-3rd Ave,40.810476,-73.926138,6
29,29.0,IRT,138th St-3rd Ave,40.810476,-73.926138,6
30,26.0,IRT,138th St,40.813224,-73.929849,45
31,27.0,IRT,138th St,40.813224,-73.929849,45
32,40.0,IRT,14th St,40.737826,-74.000201,FLM123
33,37.0,IND,14th St,40.740893,-74.00169,ACEL
34,38.0,IND,14th St,40.738228,-73.996209,FLM123
35,39.0,IND,14th St,40.738228,-73.996209,FLM123
36,660.0,BMT,Union Square,40.735736,-73.990568,LNQR456
37,660.0,BMT,Union Square,40.734789,-73.99073,LNQR456
38,661.0,BMT,Union Square,40.735736,-73.990568,LNQR456
39,661.0,BMT,Union Square,40.734789,-73.99073,LNQR456
40,30.0,IRT,145th St,40.826551,-73.95036,1
41,31.0,IRT,145th St,40.820421,-73.936245,3
42,32.0,IND,145th St,40.824783,-73.944216,ABCD
43,464.0,IRT,Harlem-148th St,40.82388,-73.93647,3
44,465.0,IRT,Harlem-148th St,40.82388,-73.93647,3
45,33.0,IRT,149th St-3rd Av,40.816109,-73.917757,25
46,34.0,IRT,149th St-3rd Av,40.816109,-73.917757,25
47,35.0,IRT,149th St-Grand Concourse,40.818375,-73.927351,245
48,36.0,IRT,149th St-Grand Concourse,40.818375,-73.927351,245
49,606.0,IND,Prospect Park-15 St,40.660365,-73.979493,F
50,43.0,IND,155th St,40.830135,-73.938209,BD
51,44.0,IND,155th St,40.830518,-73.941514,C
52,45.0,IRT,157th St,40.834041,-73.94489,1
53,697.0,IRT,Yankee Stadium-161st St,40.827994,-73.925831,B D4
54,698.0,IRT,Yankee Stadium-161st St,40.827994,-73.925831,B D4
55,699.0,IND,Yankee Stadium-161st St,40.827905,-73.925651,BD4
56,700.0,IND,Yankee Stadium-161st St,40.827905,-73.925651,BD4
57,46.0,IND,163rd St - Amsterdam Av,40.836013,-73.939892,C
58,47.0,IRT,167th St,40.835537,-73.9214,4
59,48.0,IND,167th St,40.833769,-73.918432,BD
60,51.0,IRT,168th St,40.840556,-73.940133,AC1
61,52.0,IRT,168th St,40.840556,-73.940133,AC1
62,49.0,IND,168th St - Washington Heights,40.840719,-73.939561,AC
63,50.0,IND,168th St - Washington Heights,40.840719,-73.939561,AC
64,53.0,IND,169th St,40.71047,-73.793604,F
65,54.0,IRT,170th St,40.840075,-73.917791,4
66,55.0,IND,170th St,40.839306,-73.9134,BD
67,58.0,IRT,174th St,40.837288,-73.887734,25
68,56.0,IND,174-175th Sts,40.8459,-73.910136,BD
69,57.0,IND,174-175th Sts,40.8459,-73.910136,BD
70,59.0,IND,175th St,40.847391,-73.939704,A
71,60.0,IRT,176th St,40.84848,-73.911794,4
72,66.0,BMT,18th Av,40.607954,-74.001736,D
73,67.0,BMT,18th Av,40.607954,-74.001736,D
74,68.0,IND,18th Av,40.629755,-73.976971,F
75,69.0,IND,18th Av,40.629755,-73.976971,F
76,70.0,BMT,18th Av,40.620671,-73.990414,N
77,71.0,BMT,18th Av,40.620671,-73.990414,N
78,72.0,IRT,18th St,40.74104,-73.997871,1
79,61.0,IRT,181st St,40.849505,-73.933596,1
80,62.0,IND,181st St,40.851695,-73.937969,A
81,63.0,IND,182nd-183rd Sts,40.856093,-73.900741,BD
82,64.0,IND,182nd-183rd Sts,40.856093,-73.900741,BD
83,65.0,IRT,183rd St,40.858407,-73.903879,4
84,73.0,IND,190th St,40.859022,-73.93418,A
85,74.0,IRT,191st St,40.855225,-73.929412,1
86,112.0,IND,2nd Av,40.723402,-73.989938,F
87,113.0,IND,2nd Av,40.723402,-73.989938,F
88,79.0,BMT,20th Av,40.604556,-73.998168,D
89,80.0,BMT,20th Av,40.604556,-73.998168,D
90,81.0,BMT,20th Av,40.61741,-73.985026,N
91,82.0,BMT,20th Av,40.61741,-73.985026,N
92,78.0,IRT,207th St,40.864614,-73.918819,1
93,85.0,IND,21st St,40.754203,-73.942836,F
94,86.0,IND,21st St,40.754203,-73.942836,F
95,83.0,IRT,215th St,40.869444,-73.915279,1
96,84.0,IRT,219th St,40.883895,-73.862633,25
97,267.0,IND,Bay Parkway-22nd Av,40.620769,-73.975264,F
98,268.0,IND,Bay Parkway-22nd Av,40.620769,-73.975264,F
99,89.0,IRT,225th St,40.888022,-73.860341,25
100,95.0,IRT,23rd St,40.744081,-73.995657,1
101,96.0,IRT,23rd St,40.739864,-73.986599,6
102,97.0,IND,23rd St,40.745906,-73.998041,CE
103,100.0,BMT,23rd St,40.741303,-73.989344,NR
104,101.0,BMT,23rd St,40.741303,-73.989344,NR
105,102.0,BMT,23rd St,40.741303,-73.989344,NR
106,98.0,IND,23rd St,40.742878,-73.992821,FM
107,99.0,IND,23rd St,40.742878,-73.992821,FM
108,90.0,IRT,231st St,40.878856,-73.904834,1
109,91.0,IRT,233rd St,40.893193,-73.857473,25
110,92.0,IRT,238th St,40.884667,-73.90087,1
111,666.0,IRT,Van Cortlandt Park-242nd St,40.889248,-73.898583,1
112,667.0,IRT,Van Cortlandt Park-242nd St,40.889248,-73.898583,1
113,104.0,BMT,25th Av,40.597704,-73.986829,D
114,105.0,BMT,25th Av,40.597704,-73.986829,D
115,106.0,BMT,25th St,40.660397,-73.998091,R
116,107.0,IRT,28th St,40.747215,-73.993365,1
117,108.0,IRT,28th St,40.74307,-73.984264,6
118,109.0,BMT,28th St,40.745494,-73.988691,NR
119,110.0,BMT,28th St,40.745494,-73.988691,NR
120,111.0,BMT,28th St,40.745494,-73.988691,NR
121,133.0,BMT,3rd Av,40.732849,-73.986122,L
122,134.0,BMT,3rd Av,40.732849,-73.986122,L
123,117.0,IRT,33rd St,40.746081,-73.982076,6
124,612.0,IRT,Rawson St-33rd St,40.744587,-73.930997,7
125,613.0,IRT,Rawson St-33rd St,40.744587,-73.930997,7
126,121.0,BMT,34th St,40.749567,-73.98795,BDFMNQR
127,122.0,BMT,34th St,40.749567,-73.98795,BDFMNQR
128,123.0,IND,34th St,40.749719,-73.987823,BDFMNQR
129,124.0,IND,34th St,40.749719,-73.987823,BDFMNQR
130,118.0,IRT,34th St,40.750373,-73.991057,123
131,119.0,IRT,34th St,40.750373,-73.991057,123
132,708.0,IRT,34th St,40.750373,-73.991057,123
133,120.0,IND,34th St,40.752287,-73.993391,ACE
134,129.0,BMT,36th St,40.655144,-74.003549,NR
135,128.0,IND,36th St,40.752039,-73.928781,MR
136,150.0,IND,4th Av,40.670272,-73.989779,F
137,709.0,IND,4th Av,40.670272,-73.989779,F
138,530.0,IRT,Lowery St-40th St,40.743781,-73.924016,7
139,531.0,IRT,Lowery St-40th St,40.743781,-73.924016,7
140,141.0,IND,42nd St,40.754222,-73.984569,BDFM7
141,451.0,IRT,Grand Central,40.752769,-73.979189,GS4567
142,135.0,IND,42nd St,40.757308,-73.989735,ACENQRS1.02.03.07.0
143,136.0,IND,42nd St,40.757308,-73.989735,ACENQRS1.02.03.07.0
144,137.0,IND,42nd St,40.757308,-73.989735,ACENQRS1.02.03.07.0
145,138.0,IND,42nd St,40.757308,-73.989735,ACENQRS1.02.03.07.0
146,139.0,IND,42nd St,40.757308,-73.989735,ACENQRS1.02.03.07.0
147,140.0,IND,42nd St,40.757308,-73.989735,ACENQRS1.02.03.07.0
148,652.0,IRT,Times Square,40.755983,-73.986229,ACENQRGS1.02.03.07.0
149,653.0,IRT,Times Square,40.755983,-73.986229,ACENQRGS1.02.03.07.0
150,655.0,BMT,Times Square-42nd St,40.754672,-73.986754,ACENQRS1.02.03.07.0
151,656.0,BMT,Times Square-42nd St,40.754672,-73.986754,ACENQRS1.02.03.07.0
152,657.0,BMT,Times Square-42nd St,40.754672,-73.986754,ACENQRS1.02.03.07.0
153,143.0,BMT,45th St,40.648939,-74.010006,R
154,144.0,IND,46th St,40.756312,-73.913333,MR
155,297.0,IRT,Bliss St-46th St,40.743132,-73.918435,7
156,298.0,IRT,Bliss St-46th St,40.743132,-73.918435,7
157,145.0,IND,47-50th Sts Rockefeller Center,40.758663,-73.981329,BDFM
158,147.0,BMT,49th St,40.759901,-73.984139,NQR
159,148.0,BMT,49th St,40.759901,-73.984139,NQR
160,149.0,BMT,49th St,40.759901,-73.984139,NQR
161,172.0,IND,5th Av-53rd St,40.760167,-73.975224,EM
162,711.0,IND,5th Av-53rd St,40.760167,-73.975224,EM
163,171.0,BMT,5th Av,40.764811,-73.973347,NQR
164,712.0,BMT,5th Av,40.764811,-73.973347,NQR
165,715.0,BMT,5th Av,40.764811,-73.973347,NQR
166,169.0,IRT,5th Av,40.753821,-73.981963,BDFM7
167,170.0,IRT,5th Av,40.753821,-73.981963,BDFM7
168,151.0,IRT,50th St,40.761728,-73.983849,1
169,152.0,IND,50th St,40.762456,-73.985984,CE
170,153.0,BMT,50th St,40.63626,-73.994791,D
171,154.0,IRT,51st St,40.757107,-73.97192,EM6
172,521.0,IRT,Lincoln Av-52nd St,40.744149,-73.912549,7
173,522.0,IRT,Lincoln Av-52nd St,40.744149,-73.912549,7
174,155.0,BMT,53rd St,40.645069,-74.014034,R
175,156.0,BMT,55th St,40.631435,-73.995476,D
176,157.0,IND,57th St,40.763972,-73.97745,F
177,158.0,BMT,57th St,40.764664,-73.980658,NQR
178,159.0,BMT,57th St,40.764664,-73.980658,NQR
179,160.0,BMT,57th St,40.764664,-73.980658,NQR
180,163.0,IRT,59th St,40.762526,-73.967967,NQR456
181,164.0,IRT,59th St,40.762526,-73.967967,NQR456
182,165.0,BMT,59th St,40.641362,-74.017881,NR
183,713.0,BMT,59th St,40.641362,-74.017881,NR
184,716.0,BMT,59th St,40.641362,-74.017881,NR
185,166.0,BMT,59th St,40.641362,-74.017881,NR
186,167.0,IRT,59th St-Columbus Circle,40.768247,-73.981929,ABCD1
187,168.0,IRT,59th St-Columbus Circle,40.768247,-73.981929,ABCD1
188,161.0,IND,59th St,40.768296,-73.981736,ABCD1
189,162.0,IND,59th St,40.768296,-73.981736,ABCD1
190,180.0,BMT,6th Av,40.737335,-73.996786,FLM123
191,181.0,BMT,6th Av,40.737335,-73.996786,FLM123
192,694.0,IRT,Woodside Av-61st St,40.74563,-73.902984,7
193,695.0,IRT,Woodside Av-61st St,40.74563,-73.902984,7
194,173.0,IND,63rd Drive-Rego Park,40.729846,-73.861604,MR
195,174.0,IND,65th St,40.749669,-73.898453,MR
196,175.0,IRT,66th St-Lincoln Center,40.77344,-73.982209,1
197,176.0,IND,67th Av,40.726523,-73.852719,MR
198,177.0,IND,67th Av,40.726523,-73.852719,MR
199,178.0,IRT,68th St-Hunter College,40.768141,-73.96387,6
200,179.0,IRT,68th St-Hunter College,40.768141,-73.96387,6
201,411.0,IRT,Fisk Av-69th St,40.746325,-73.896403,7
202,412.0,IRT,Fisk Av-69th St,40.746325,-73.896403,7
203,195.0,IND,7th Av,40.666271,-73.980305,F
204,196.0,IND,7th Av,40.666271,-73.980305,F
205,193.0,BMT,7th Av,40.67705,-73.972367,BQ
206,194.0,BMT,7th Av,40.67705,-73.972367,BQ
207,191.0,IND,7th Av,40.762862,-73.981637,BDE
208,192.0,IND,7th Av,40.762862,-73.981637,BDE
209,182.0,BMT,71st St,40.619589,-73.998864,D
210,183.0,IRT,72nd St,40.778453,-73.98197,123
211,184.0,IND,72nd St,40.775594,-73.97641,BC
212,317.0,IRT,Broadway-74th St,40.746848,-73.891394,EFMR7
213,185.0,IND,75th Av,40.718331,-73.837324,EF
214,186.0,IND,75th Av,40.718331,-73.837324,EF
215,187.0,IRT,77th St,40.77362,-73.959874,6
216,188.0,BMT,77th St,40.629742,-74.02551,R
217,189.0,IRT,79th St,40.783934,-73.979917,1
218,190.0,BMT,79th St,40.613501,-74.00061,D
219,208.0,BMT,8th Av,40.739777,-74.002578,ACEL
220,209.0,BMT,8th Av,40.739777,-74.002578,ACEL
221,210.0,BMT,8th Av,40.635064,-74.011719,N
222,211.0,BMT,8th Av,40.635064,-74.011719,N
223,212.0,BMT,8th St,40.730328,-73.992629,NR
224,213.0,BMT,8th St,40.730328,-73.992629,NR
225,214.0,BMT,8th St,40.730328,-73.992629,NR
226,199.0,IND,81st St - Museum of Natural History,40.781433,-73.972143,BC
227,200.0,IRT,82nd St-Jackson Heights,40.747659,-73.883697,7
228,201.0,IRT,86th St,40.788644,-73.976218,1
229,202.0,IRT,86th St,40.779492,-73.955589,456
230,203.0,IND,86th St,40.785868,-73.968916,BC
231,204.0,BMT,86th St,40.592721,-73.97823,N
232,205.0,BMT,86th St,40.622687,-74.028398,R
233,220.0,BMT,9th Av,40.646292,-73.994324,D
234,221.0,BMT,9th Av,40.646292,-73.994324,D
235,222.0,BMT,9th St,40.670847,-73.988302,FGR
236,710.0,BMT,9th St,40.670847,-73.988302,FGR
237,215.0,IRT,90th St Elmhurst,40.748408,-73.876613,7
238,217.0,IRT,96th St,40.793919,-73.972323,123
239,218.0,IRT,96th St,40.785672,-73.95107,6
240,219.0,IND,96th St,40.791646,-73.964699,BC
241,223.0,BMT,Alabama Av,40.676992,-73.898654,J
242,224.0,BMT,Alabama Av,40.676992,-73.898654,J
243,225.0,IRT,Allerton Av,40.865462,-73.867352,25
244,226.0,IRT,Allerton Av,40.865462,-73.867352,25
245,227.0,IND,Aqueduct Racetrack,40.672131,-73.835812,A
246,228.0,IND,Aqueduct Racetrack,40.672131,-73.835812,A
247,229.0,IND,Aqueduct-North Conduit Av,40.668234,-73.834058,A
248,230.0,IND,Aqueduct-North Conduit Av,40.668234,-73.834058,A
249,231.0,IRT,Astor Place,40.730054,-73.99107,6
250,232.0,IRT,Astor Place,40.730054,-73.99107,6
251,236.0,BMT,Atlantic Av,40.675345,-73.903097,L
252,237.0,BMT,Atlantic Av,40.675345,-73.903097,L
253,244.0,BMT,Av H,40.62927,-73.961639,BQ
254,245.0,BMT,Av H,40.62927,-73.961639,BQ
255,246.0,IND,Av I,40.625322,-73.976127,F
256,247.0,IND,Av I,40.625322,-73.976127,F
257,248.0,BMT,Av J,40.625039,-73.960803,BQ
258,249.0,BMT,Av J,40.625039,-73.960803,BQ
259,250.0,BMT,Av M,40.617618,-73.959399,BQ
260,251.0,BMT,Av M,40.617618,-73.959399,BQ
261,252.0,IND,Av N,40.61514,-73.974197,F
262,253.0,IND,Av N,40.61514,-73.974197,F
263,254.0,IND,Av P,40.608944,-73.973022,F
264,255.0,IND,Av P,40.608944,-73.973022,F
265,256.0,BMT,Av U,40.5993,-73.955929,BQ
266,257.0,BMT,Av U,40.5993,-73.955929,BQ
267,258.0,IND,Av U,40.596063,-73.973357,F
268,259.0,IND,Av U,40.596063,-73.973357,F
269,260.0,BMT,Av U,40.597473,-73.979137,N
270,261.0,BMT,Av U,40.597473,-73.979137,N
271,262.0,IND,Av X,40.58962,-73.97425,F
272,263.0,IND,Av X,40.58962,-73.97425,F
273,238.0,IRT,Atlantic Av-Barclays Ctr,40.684359,-73.977666,BDNQR234.05.0
274,239.0,IRT,Atlantic Av-Barclays Ctr,40.684359,-73.977666,BDNQR234.05.0
275,240.0,IRT,Atlantic Av-Barclays Ctr,40.684359,-73.977666,BDNQR234.05.0
276,241.0,IRT,Atlantic Av-Barclays Ctr,40.684359,-73.977666,BDNQR234.05.0
277,242.0,BMT,Atlantic Av-Barclays Ctr,40.683666,-73.97881,BQDNR234.05.0
278,243.0,BMT,Atlantic Av-Barclays Ctr,40.683666,-73.97881,BQDNR234.05.0
279,264.0,BMT,Bay 50th St,40.588841,-73.983765,D
280,265.0,BMT,Bay Parkway,40.601875,-73.993728,D
281,266.0,BMT,Bay Parkway,40.601875,-73.993728,D
282,269.0,BMT,Bay Parkway-22nd Av,40.611815,-73.981848,N
283,270.0,BMT,Bay Parkway-22nd Av,40.611815,-73.981848,N
284,271.0,BMT,Bay Ridge Av,40.634967,-74.023377,R
285,272.0,BMT,Bay Ridge Av,40.634967,-74.023377,R
286,216.0,BMT,95th St,40.616622,-74.030876,R
287,273.0,IRT,Baychester Av,40.878663,-73.838591,5
288,274.0,IRT,Baychester Av,40.878663,-73.838591,5
289,275.0,IND,Beach 105th St,40.583209,-73.827559,H
290,276.0,IND,Beach 25th St,40.600066,-73.761353,A
291,277.0,IND,Beach 36th St,40.595398,-73.768175,A
292,278.0,IND,Beach 44th St,40.592943,-73.776013,A
293,279.0,IND,Beach 60th St,40.592374,-73.788522,A
294,280.0,IND,Beach 67th St,40.590927,-73.796924,A
295,281.0,IND,Beach 90th St,40.588034,-73.813641,H
296,282.0,IND,Beach 98th St,40.585307,-73.820558,H
297,283.0,BMT,Bedford Av,40.717304,-73.956872,L
298,284.0,BMT,Bedford Av,40.717304,-73.956872,L
299,287.0,IRT,Bedford Park Blvd-Lehman College,40.873412,-73.890064,4
300,288.0,IRT,Bedford Park Blvd-Lehman College,40.873412,-73.890064,4
301,285.0,IND,Bedford Park Blvd,40.873244,-73.887138,BD
302,286.0,IND,Bedford Park Blvd,40.873244,-73.887138,BD
303,289.0,IND,Bedford-Nostrand Avs,40.689627,-73.953522,G
304,290.0,IND,Bedford-Nostrand Avs,40.689627,-73.953522,G
305,130.0,BMT,39 Av-Beebe Av,40.752882,-73.932755,NQ
306,131.0,BMT,39 Av-Beebe Av,40.752882,-73.932755,NQ
307,132.0,BMT,39 Av-Beebe Av,40.752882,-73.932755,NQ
308,291.0,IRT,Bergen St,40.680829,-73.975098,23
309,292.0,IND,Bergen St,40.686145,-73.990862,FG
310,295.0,BMT,Beverly Rd,40.644031,-73.964492,BQ
311,293.0,IRT,Beverly Rd,40.645098,-73.948959,25
312,294.0,IRT,Beverly Rd,40.645098,-73.948959,25
313,296.0,IRT,Bleecker St,40.725915,-73.994659,BDFM6
314,299.0,IRT,Borough Hall,40.693219,-73.989998,R2345
315,299.0,IRT,Borough Hall,40.692404,-73.990151,R2345
316,300.0,IRT,Borough Hall,40.693219,-73.989998,R2345
317,300.0,IRT,Borough Hall,40.692404,-73.990151,R2345
318,301.0,IRT,Borough Hall,40.693219,-73.989998,R2345
319,301.0,IRT,Borough Hall,40.692404,-73.990151,R2345
320,302.0,IRT,Borough Hall,40.693219,-73.989998,R2345
321,302.0,IRT,Borough Hall,40.692404,-73.990151,R2345
322,303.0,BMT,Botanic Gardens,40.670343,-73.959245,FS2345
323,304.0,BMT,Bowery,40.72028,-73.993915,JZ
324,305.0,IRT,Bowling Green,40.704817,-74.014065,45
325,206.0,IND,88th St-Boyd Av,40.679843,-73.85147,A
326,207.0,IND,88th St-Boyd Av,40.679843,-73.85147,A
327,308.0,BMT,Brighton Beach,40.577621,-73.961376,BQ
328,309.0,IND,Broad Channel,40.608382,-73.815925,AH
329,310.0,BMT,Broad St,40.706476,-74.011056,JZ
330,311.0,IND,Broadway,40.706092,-73.950308,G
331,314.0,BMT,Broadway,40.76182,-73.925508,NQ
332,315.0,BMT,Broadway,40.76182,-73.925508,NQ
333,316.0,BMT,Broadway,40.76182,-73.925508,NQ
334,312.0,IND,Broadway Junction-East New York,40.678334,-73.905316,ACJL
335,313.0,IND,Broadway Junction-East New York,40.678334,-73.905316,ACJL
336,318.0,IND,Broadway-Lafayette St,40.725297,-73.996204,BDFM6
337,319.0,IND,Broadway-Lafayette St,40.725297,-73.996204,BDFM6
338,320.0,IRT,Bronx Park East,40.848828,-73.868457,25
339,321.0,IRT,Brook Av,40.807566,-73.91924,6
340,322.0,IRT,Brook Av,40.807566,-73.91924,6
341,323.0,IRT,Brooklyn Bridge-City Hall,40.712868,-74.004806,JZ456
342,323.0,IRT,Brooklyn Bridge-City Hall,40.712723,-74.004971,JZ456
343,323.0,IRT,Brooklyn Bridge-City Hall,40.712333,-74.004387,JZ456
344,323.0,IRT,Brooklyn Bridge-City Hall,40.711857,-74.005114,JZ456
345,323.0,IRT,Brooklyn Bridge-City Hall,40.711824,-74.005057,JZ456
346,323.0,IRT,Brooklyn Bridge-City Hall,40.713813,-74.003907,JZ456
347,323.0,IRT,Brooklyn Bridge-City Hall,40.713889,-74.003654,JZ456
348,323.0,IRT,Brooklyn Bridge-City Hall,40.713065,-74.004131,JZ456
349,326.0,IRT,Burke Av,40.871356,-73.867164,25
350,327.0,IRT,Burke Av,40.871356,-73.867164,25
351,328.0,IRT,Burnside Av,40.853453,-73.907684,4
352,329.0,IRT,Burnside Av,40.853453,-73.907684,4
353,330.0,BMT,Bushwick Av,40.682829,-73.905249,L
354,331.0,BMT,Bushwick Av,40.682829,-73.905249,L
355,333.0,IRT,Canal St,40.722854,-74.006277,1
356,334.0,IND,Canal St,40.720824,-74.005229,ACE
357,332.0,BMT,Canal St (UL),40.719527,-74.001775,JNQRZ6
358,338.0,IND,Carroll St,40.680303,-73.995048,FG
359,339.0,IRT,Castle Hill Av,40.834255,-73.851222,6
360,340.0,IRT,Castle Hill Av,40.834255,-73.851222,6
361,343.0,IND,Cathedral Parkway-110th St,40.800605,-73.958158,BC
362,344.0,IND,Cathedral Parkway-110th St,40.800605,-73.958158,BC
363,345.0,BMT,Central Av,40.697857,-73.927397,M
364,346.0,BMT,Central Av,40.697857,-73.927397,M
365,347.0,IRT,Chambers St,40.715478,-74.009266,123
366,348.0,IND,Chambers St,40.714111,-74.008585,ACE23
367,349.0,BMT,Chambers St,40.713243,-74.003401,JZ456
368,349.0,BMT,Chambers St,40.71419,-74.003199,JZ456
369,350.0,BMT,Chauncey St,40.682893,-73.910456,JZ
370,351.0,IRT,Christopher St,40.733422,-74.002906,1
371,352.0,IRT,Church Av,40.650843,-73.949575,25
372,353.0,IRT,Church Av,40.650843,-73.949575,25
373,354.0,BMT,Church Av,40.650527,-73.962982,BQ
374,355.0,BMT,Church Av,40.650527,-73.962982,BQ
375,356.0,IND,Church Av,40.644041,-73.979678,F
376,357.0,IND,Church Av,40.644041,-73.979678,F
377,358.0,BMT,City Hall,40.713282,-74.006978,R
378,359.0,BMT,City Hall,40.713282,-74.006978,R
379,360.0,IRT,Clark St,40.697466,-73.993086,23
380,361.0,IND,Classon Av,40.688873,-73.96007,G
381,362.0,IND,Classon Av,40.688873,-73.96007,G
382,363.0,BMT,Cleveland St,40.679947,-73.884639,J
383,364.0,IND,Clinton & Washington Avs,40.683263,-73.965838,C
384,365.0,IND,Clinton-Washington Avs,40.688089,-73.966839,G
385,366.0,BMT,Cortelyou Rd,40.640927,-73.963891,BQ
386,367.0,BMT,Cortelyou Rd,40.640927,-73.963891,BQ
387,368.0,BMT,Cortlandt St,40.710668,-74.011029,R
388,369.0,BMT,Cortlandt St,40.710668,-74.011029,R
389,142.0,IRT,45 Rd-Court House Sq,40.747023,-73.945264,EGM7
390,525.0,IND,Long Island City-Court Square,40.746554,-73.943832,G
391,103.0,IND,23rd St-Ely Av,40.747846,-73.946,EGM7
392,370.0,BMT,Crescent St,40.683194,-73.873785,JZ
393,663.0,IRT,Utica Av,40.668897,-73.932942,34
394,371.0,IRT,Cypress Av,40.805368,-73.914042,6
395,372.0,IRT,Cypress Av,40.805368,-73.914042,6
396,373.0,BMT,Cypress Hills,40.689941,-73.87255,J
397,374.0,BMT,DeKalb Av,40.690635,-73.981824,BQR
398,375.0,BMT,DeKalb Av,40.690635,-73.981824,BQR
399,376.0,BMT,DeKalb Av,40.703811,-73.918425,L
400,377.0,BMT,DeKalb Av,40.703811,-73.918425,L
401,378.0,IND,Delancey St,40.718611,-73.988114,FJMZ
402,379.0,IND,Delancey St,40.718611,-73.988114,FJMZ
403,380.0,BMT,Ditmars Blvd,40.775036,-73.912034,NQ
404,381.0,BMT,Ditmars Blvd,40.775036,-73.912034,NQ
405,382.0,BMT,Ditmars Blvd,40.775036,-73.912034,NQ
406,383.0,IND,Ditmas Av,40.636119,-73.978172,F
407,384.0,IND,Ditmas Av,40.636119,-73.978172,F
408,385.0,IRT,Dyckman St,40.860531,-73.925536,1
409,386.0,IND,Dyckman St-200th St,40.865491,-73.927271,A
410,387.0,IND,Dyckman St-200th St,40.865491,-73.927271,A
411,396.0,IRT,Eastchester-Dyre Av,40.8883,-73.830834,5
412,397.0,IRT,Eastchester-Dyre Av,40.8883,-73.830834,5
413,389.0,IRT,East 143rd St-St Mary's St,40.808719,-73.907657,6
414,390.0,IRT,East 143rd St-St Mary's St,40.808719,-73.907657,6
415,391.0,IRT,East 149th St,40.812118,-73.904098,6
416,585.0,IRT,Parkchester-East 177th St,40.833226,-73.860816,6
417,586.0,IRT,Parkchester-East 177th St,40.833226,-73.860816,6
418,392.0,IRT,East 180th St,40.841894,-73.873488,25
419,394.0,IRT,East Tremont Av-West Farms Sq,40.840295,-73.880049,25
420,395.0,IRT,East Tremont Av-West Farms Sq,40.840295,-73.880049,25
421,388.0,BMT,East 105th St,40.650573,-73.899485,L
422,393.0,IND,East Broadway,40.713715,-73.990173,F
423,398.0,IRT,Eastern Parkway-Brooklyn Museum,40.671987,-73.964375,23
424,399.0,IRT,Eastern Parkway-Brooklyn Museum,40.671987,-73.964375,23
425,400.0,IRT,Elder Av,40.828584,-73.879159,6
426,401.0,IRT,Elder Av,40.828584,-73.879159,6
427,402.0,BMT,Elderts Lane-75th St,40.691324,-73.867139,JZ
428,403.0,BMT,Elderts Lane-75th St,40.691324,-73.867139,JZ
429,404.0,IND,Elmhurst Av,40.742454,-73.882017,MR
430,405.0,IND,Elmhurst Av,40.742454,-73.882017,MR
431,406.0,BMT,Essex St,40.718315,-73.987437,FJMZ
432,407.0,BMT,Essex St,40.718315,-73.987437,FJMZ
433,408.0,IND,Euclid Av,40.675377,-73.872106,AC
434,409.0,IND,Euclid Av,40.675377,-73.872106,AC
435,410.0,IND,Far Rockaway-Mott Av,40.603995,-73.755405,A
436,413.0,IRT,Flatbush Av-Brooklyn College,40.632836,-73.947642,25
437,414.0,IRT,Flatbush Av-Brooklyn College,40.632836,-73.947642,25
438,415.0,IND,Flushing Av,40.700377,-73.950234,G
439,416.0,IND,Flushing Av,40.700377,-73.950234,G
440,417.0,BMT,Flushing Av,40.70026,-73.941126,JM
441,418.0,BMT,Flushing Av,40.70026,-73.941126,JM
442,421.0,IRT,Fordham Rd,40.862803,-73.901034,4
443,422.0,IRT,Fordham Rd,40.862803,-73.901034,4
444,423.0,IND,Fordham Rd,40.861296,-73.897749,BD
445,424.0,IND,Fordham Rd,40.861296,-73.897749,BD
446,425.0,BMT,Forest Av,40.704423,-73.903077,M
447,426.0,IND,Forest Hills-71st Av,40.721691,-73.844521,EFMR
448,428.0,BMT,Forest Parkway-85th St,40.692435,-73.86001,J
449,429.0,BMT,Forest Parkway-85th St,40.692435,-73.86001,J
450,435.0,IRT,Franklin Av,40.670682,-73.958131,FS2345
451,436.0,IRT,Franklin Av,40.670682,-73.958131,FS2345
452,433.0,IND,Franklin Av,40.68138,-73.956848,ACFS
453,434.0,IND,Franklin Av,40.68138,-73.956848,ACFS
454,437.0,IRT,Franklin St,40.719318,-74.006886,1
455,438.0,IRT,Freeman St,40.829993,-73.891865,25
456,439.0,BMT,Fresh Pond Rd,40.706186,-73.895877,M
457,440.0,BMT,Fresh Pond Rd,40.706186,-73.895877,M
458,430.0,BMT,Fort Hamilton Parkway,40.640914,-73.994304,D
459,431.0,IND,Fort Hamilton Parkway,40.650782,-73.975776,F
460,432.0,BMT,Fort Hamilton Parkway,40.631386,-74.005351,N
461,704.0,IRT,Fulton St,40.709416,-74.006571,ACJZ2345.0
462,704.0,IRT,Fulton St,40.710368,-74.009509,ACJZ2345.0
463,442.0,IRT,Fulton St,40.709416,-74.006571,ACJZ2345.0
464,442.0,IRT,Fulton St,40.710368,-74.009509,ACJZ2345.0
465,705.0,IRT,Fulton St,40.709416,-74.006571,ACJZ2345.0
466,705.0,IRT,Fulton St,40.710368,-74.009509,ACJZ2345.0
467,441.0,BMT,Fulton St,40.710374,-74.007582,ACJZ2345.0
468,443.0,IND,Fulton St,40.687119,-73.975375,G
469,444.0,BMT,Gates Av,40.68963,-73.92227,JZ
470,445.0,BMT,Gates Av,40.68963,-73.92227,JZ
471,446.0,BMT,Graham Av,40.714565,-73.944053,L
472,447.0,BMT,Graham Av,40.714565,-73.944053,L
473,448.0,IRT,Grand Army Plaza,40.675235,-73.971046,23
474,449.0,IND,Grand Av-Newtown,40.737015,-73.877223,MR
475,450.0,IND,Grand Av-Newtown,40.737015,-73.877223,MR
476,452.0,IND,Grand St,40.718267,-73.993753,BD
477,453.0,BMT,Grand St,40.711926,-73.94067,L
478,114.0,BMT,30 Av-Grand Av,40.766779,-73.921479,NQ
479,115.0,BMT,30 Av-Grand Av,40.766779,-73.921479,NQ
480,116.0,BMT,30 Av-Grand Av,40.766779,-73.921479,NQ
481,454.0,IND,Grant Av,40.677044,-73.86505,A
482,455.0,IND,Grant Av,40.677044,-73.86505,A
483,456.0,IND,Greenpoint Av,40.731352,-73.954449,G
484,457.0,IND,Greenpoint Av,40.731352,-73.954449,G
485,11.0,IND,111th St-Greenwood Av,40.684331,-73.832163,A
486,12.0,IND,111th St-Greenwood Av,40.684331,-73.832163,A
487,458.0,IRT,Gun Hill Rd,40.87785,-73.866256,25
488,459.0,IRT,Gun Hill Rd,40.87785,-73.866256,25
489,460.0,IRT,Gun Hill Rd,40.869526,-73.846384,5
490,461.0,IRT,Gun Hill Rd,40.869526,-73.846384,5
491,462.0,BMT,Halsey St,40.68637,-73.916559,J
492,463.0,BMT,Halsey St,40.695602,-73.904084,L
493,466.0,BMT,Hewes St,40.70687,-73.953431,JM
494,467.0,IND,High St,40.699337,-73.990531,ACJZ2345.0
495,468.0,IRT,Houston St,40.728251,-74.005367,1
496,469.0,IND,Howard Beach,40.660476,-73.830301,A
497,470.0,IND,Howard Beach,40.660476,-73.830301,A
498,471.0,IND,Howard Beach,40.660476,-73.830301,A
499,474.0,IRT,Hoyt St,40.690545,-73.985065,23
500,233.0,BMT,Astoria Blvd-Hoyt Av,40.770258,-73.917843,NQ
501,234.0,BMT,Astoria Blvd-Hoyt Av,40.770258,-73.917843,NQ
502,235.0,BMT,Astoria Blvd-Hoyt Av,40.770258,-73.917843,NQ
503,472.0,IND,Hoyt & Schermerhorn,40.688484,-73.985001,ACG
504,473.0,IND,Hoyt & Schermerhorn,40.688484,-73.985001,ACG
505,197.0,IND,80th St-Hudson St,40.679371,-73.858992,A
506,198.0,IND,80th St-Hudson St,40.679371,-73.858992,A
507,475.0,IRT,Hunters Point,40.742216,-73.948916,7
508,476.0,IRT,Hunters Point,40.742216,-73.948916,7
509,477.0,IRT,Hunts Point Av,40.820948,-73.890549,6
510,478.0,IRT,Hunts Point Av,40.820948,-73.890549,6
511,479.0,IRT,Intervale Av,40.822181,-73.896736,25
512,480.0,IRT,Intervale Av,40.822181,-73.896736,25
513,481.0,IND,Inwood - 207th St,40.868072,-73.919899,A
514,482.0,IRT,Jackson Av,40.81649,-73.907807,25
515,483.0,IRT,Jackson Av,40.81649,-73.907807,25
516,590.0,IND,Parsons Blvd-Archer Av - Jamaica Center,40.702147,-73.801109,EJZ
517,486.0,IND,Jamaica-179th St,40.712646,-73.783817,F
518,487.0,IND,Jamaica-179th St,40.712646,-73.783817,F
519,488.0,IND,Jamaica-Van Wyck,40.702566,-73.816859,E
520,489.0,IND,Jamaica-Van Wyck,40.702566,-73.816859,E
521,490.0,IND,Jay St - Borough Hall,40.692338,-73.987342,ACFR
522,491.0,IND,Jay St - Borough Hall,40.692338,-73.987342,ACFR
523,492.0,BMT,Jefferson St,40.706607,-73.922913,L
524,706.0,IND,Sutphin Blvd-Archer Av - JFK,40.700486,-73.807969,EJZ
525,645.0,IND,Sutphin Blvd-Archer Av - JFK,40.700486,-73.807969,EJZ
526,646.0,IND,Sutphin Blvd-Archer Av - JFK,40.700486,-73.807969,EJZ
527,647.0,IND,Sutphin Blvd-Archer Av - JFK,40.700486,-73.807969,EJZ
528,493.0,IRT,Junction Blvd,40.749145,-73.869527,7
529,494.0,IRT,Junius St,40.663515,-73.902447,3
530,497.0,BMT,Kings Highway,40.60867,-73.957734,BQ
531,498.0,BMT,Kings Highway,40.60867,-73.957734,BQ
532,499.0,IND,Kings Highway,40.603217,-73.972361,F
533,500.0,IND,Kings Highway,40.603217,-73.972361,F
534,501.0,BMT,Kings Highway,40.603923,-73.980353,N
535,502.0,BMT,Kings Highway,40.603923,-73.980353,N
536,503.0,IRT,Kingsbridge Rd,40.86776,-73.897174,4
537,504.0,IND,Kingsbridge Rd,40.866978,-73.893509,BD
538,505.0,IRT,Kingston Av,40.669399,-73.942161,3
539,506.0,IRT,Kingston Av,40.669399,-73.942161,3
540,507.0,IND,Kingston-Throop,40.679921,-73.940858,AC
541,508.0,BMT,Knickerbocker Av,40.698664,-73.919711,M
542,509.0,BMT,Kosciusko St,40.693342,-73.928814,J
543,510.0,IND,Lafayette Av,40.686113,-73.973946,C
544,511.0,IND,Lafayette Av,40.686113,-73.973946,C
545,512.0,IND,Lefferts Blvd,40.685951,-73.825798,A
546,513.0,IND,Lefferts Blvd,40.685951,-73.825798,A
547,514.0,IND,Lexington Av,40.764627,-73.96611,F
548,515.0,IND,Lexington Av,40.764627,-73.96611,F
549,516.0,BMT,Lexington Av,40.76266,-73.967258,NQR456
550,517.0,IND,Lexington Av-53rd St,40.757552,-73.969055,EM6
551,518.0,IND,Lexington Av-53rd St,40.757552,-73.969055,EM6
552,519.0,IND,Liberty Av,40.674542,-73.896548,AC
553,520.0,IND,Liberty Av,40.674542,-73.896548,AC
554,523.0,BMT,Livonia Av,40.664038,-73.900571,L
555,524.0,BMT,Livonia Av,40.664038,-73.900571,L
556,526.0,IRT,Longwood Av,40.816104,-73.896435,6
557,527.0,IRT,Longwood Av,40.816104,-73.896435,6
558,529.0,BMT,Lorimer St,40.703869,-73.947408,JM
559,528.0,BMT,Lorimer St,40.714063,-73.950275,GL
560,419.0,IRT,Flushing-Main St,40.7596,-73.83003,7
561,420.0,IRT,Flushing-Main St,40.7596,-73.83003,7
562,532.0,IRT,Marble Hill-225th St,40.874561,-73.909831,1
563,533.0,BMT,Marcy Av,40.708359,-73.957757,JMZ
564,534.0,BMT,Marcy Av,40.708359,-73.957757,JMZ
565,535.0,IND,Metropolitan Av,40.712792,-73.951418,GL
566,536.0,BMT,Metropolitan Av,40.711396,-73.889601,M
567,537.0,IRT,Mets - Willets Point,40.754622,-73.845625,7
568,538.0,IRT,Middletown Rd,40.843863,-73.836322,6
569,539.0,IRT,Middletown Rd,40.843863,-73.836322,6
570,540.0,BMT,Montrose Av,40.707739,-73.93985,L
571,541.0,BMT,Montrose Av,40.707739,-73.93985,L
572,542.0,BMT,Morgan Av,40.706152,-73.933147,L
573,543.0,BMT,Morgan Av,40.706152,-73.933147,L
574,544.0,IRT,Morris Park,40.854364,-73.860495,5
575,545.0,IRT,Morrison Av-Soundview Av,40.829521,-73.874516,6
576,546.0,IRT,Morrison Av-Soundview Av,40.829521,-73.874516,6
577,547.0,IRT,Mosholu Parkway,40.87975,-73.884655,4
578,548.0,IRT,Mosholu Parkway,40.87975,-73.884655,4
579,549.0,IRT,Mt Eden Av,40.844434,-73.914685,4
580,550.0,IRT,Mt Eden Av,40.844434,-73.914685,4
581,551.0,BMT,Myrtle Av,40.697207,-73.935657,JMZ
582,552.0,BMT,Myrtle Av,40.697207,-73.935657,JMZ
583,553.0,BMT,Myrtle Av,40.699814,-73.911586,LM
584,554.0,BMT,Myrtle Av,40.699814,-73.911586,LM
585,555.0,IND,Myrtle-Willoughby Avs,40.694568,-73.949046,G
586,556.0,IND,Nassau Av,40.724635,-73.951277,G
587,557.0,IND,Nassau Av,40.724635,-73.951277,G
588,558.0,BMT,Neck Rd,40.595246,-73.955161,BQ
589,559.0,BMT,Neck Rd,40.595246,-73.955161,BQ
590,560.0,IND,Neptune Av-Van Siclen,40.581011,-73.974574,F
591,561.0,IND,Neptune Av-Van Siclen,40.581011,-73.974574,F
592,93.0,IRT,238th St-Nereid Av,40.898379,-73.854376,25
593,94.0,IRT,238th St-Nereid Av,40.898379,-73.854376,25
594,562.0,IRT,Nevins St,40.688246,-73.980492,2345
595,563.0,IRT,New Lots Av,40.666235,-73.884079,3
596,564.0,IRT,New Lots Av,40.666235,-73.884079,3
597,565.0,BMT,New Lots Av,40.658733,-73.899232,L
598,566.0,BMT,New Lots Av,40.658733,-73.899232,L
599,567.0,BMT,New Utrecht Av,40.624842,-73.996353,DN
600,568.0,BMT,New Utrecht Av,40.624842,-73.996353,DN
601,569.0,IRT,Newkirk Av,40.639967,-73.948411,25
602,570.0,IRT,Newkirk Av,40.639967,-73.948411,25
603,571.0,BMT,Newkirk Av,40.635082,-73.962793,BQ
604,572.0,IND,Northern Blvd,40.752885,-73.906006,MR
605,573.0,BMT,Norwood Av,40.68141,-73.880039,JZ
606,574.0,BMT,Norwood Av,40.68141,-73.880039,JZ
607,575.0,IND,Norwood-205th St,40.874811,-73.878855,D
608,576.0,IND,Norwood-205th St,40.874811,-73.878855,D
609,577.0,IRT,Nostrand Av,40.669847,-73.950466,3
610,578.0,IRT,Nostrand Av,40.669847,-73.950466,3
611,579.0,IND,Nostrand Av,40.680438,-73.950426,AC
612,580.0,IND,Nostrand Av,40.680438,-73.950426,AC
613,581.0,BMT,Ocean Parkway,40.576312,-73.968501,Q
614,582.0,BMT,Ocean Parkway,40.576312,-73.968501,Q
615,5.0,IND,104th St-Oxford Av,40.681711,-73.837683,A
616,583.0,IRT,Park Place,40.713051,-74.008811,ACE123
617,584.0,BMT,Park Place,40.674772,-73.957624,FS
618,587.0,BMT,Parkside Av,40.655292,-73.961495,BQ
619,588.0,BMT,Parkside Av,40.655292,-73.961495,BQ
620,589.0,IND,Parsons Blvd,40.707564,-73.803326,F
621,591.0,IRT,Pelham Bay Park,40.852462,-73.828121,6
622,707.0,IRT,Pelham Bay Park,40.852462,-73.828121,6
623,592.0,IRT,Pelham Parkway,40.857192,-73.867615,25
624,593.0,IRT,Pelham Parkway,40.857192,-73.867615,25
625,594.0,IRT,Pelham Parkway,40.858985,-73.855359,5
626,595.0,IRT,Pelham Parkway,40.858985,-73.855359,5
627,596.0,IRT,Pennsylvania Av,40.664635,-73.894895,3
628,597.0,IRT,President St,40.667883,-73.950683,25
629,598.0,BMT,Prince St,40.724329,-73.997702,NR
630,599.0,BMT,Prince St,40.724329,-73.997702,NR
631,600.0,BMT,Prince St,40.724329,-73.997702,NR
632,601.0,IRT,Prospect Av,40.819585,-73.90177,25
633,602.0,IRT,Prospect Av,40.819585,-73.90177,25
634,603.0,BMT,Prospect Av,40.665414,-73.992872,R
635,604.0,BMT,Prospect Av,40.665414,-73.992872,R
636,605.0,BMT,Prospect Park,40.661614,-73.962246,BQFS
637,607.0,IND,Queens Plaza,40.748973,-73.937243,EMR
638,608.0,IRT,Queensboro Plaza,40.750582,-73.940202,NQ7
639,609.0,IRT,Queensboro Plaza,40.750582,-73.940202,NQ7
640,610.0,IND,Ralph Av,40.678822,-73.920786,AC
641,611.0,IND,Ralph Av,40.678822,-73.920786,AC
642,614.0,IRT,Rector St,40.707513,-74.013783,1
643,615.0,BMT,Rector St,40.70722,-74.013342,R
644,616.0,BMT,Rector St,40.70722,-74.013342,R
645,617.0,IRT,Rockaway Av,40.662549,-73.908946,3
646,618.0,IRT,Rockaway Av,40.662549,-73.908946,3
647,619.0,IND,Rockaway Av,40.67834,-73.911946,AC
648,620.0,IND,Rockaway Av,40.67834,-73.911946,AC
649,621.0,IND,Rockaway Blvd,40.680429,-73.843853,A
650,622.0,IND,Rockaway Park-Beach 116th,40.580903,-73.835592,H
651,623.0,IND,Rockaway Park-Beach 116th,40.580903,-73.835592,H
652,336.0,BMT,Canarsie - Rockaway Parkway,40.646654,-73.90185,L
653,336.0,BMT,Canarsie - Rockaway Parkway,40.645757,-73.9025,L
654,336.0,BMT,Canarsie - Rockaway Parkway,40.645957,-73.901741,L
655,337.0,BMT,Canarsie - Rockaway Parkway,40.646654,-73.90185,L
656,337.0,BMT,Canarsie - Rockaway Parkway,40.645757,-73.9025,L
657,337.0,BMT,Canarsie - Rockaway Parkway,40.645957,-73.901741,L
658,484.0,IND,Jackson Heights-Roosevelt Ave,40.746644,-73.891338,EFMR7
659,485.0,IND,Jackson Heights-Roosevelt Ave,40.746644,-73.891338,EFMR7
660,624.0,IND,Roosevelt Island,40.759145,-73.95326,F
661,625.0,IND,Roosevelt Island,40.759145,-73.95326,F
662,626.0,IRT,Saratoga Av,40.661453,-73.916327,3
663,627.0,IRT,Saratoga Av,40.661453,-73.916327,3
664,628.0,BMT,Seneca Av,40.702762,-73.90774,M
665,629.0,BMT,Sheepshead Bay,40.586896,-73.954155,BQ
666,630.0,IND,Shepherd Av,40.67413,-73.88075,AC
667,631.0,IND,Shepherd Av,40.67413,-73.88075,AC
668,632.0,IRT,Simpson St,40.824073,-73.893064,25
669,633.0,IND,Smith-9th St,40.67358,-73.995959,FGR
670,634.0,IRT,South Ferry,40.702068,-74.013664,R1
671,635.0,IRT,South Ferry,40.702068,-74.013664,R1
672,636.0,IRT,Spring St,40.722301,-73.997141,6
673,637.0,IND,Spring St,40.726227,-74.003739,CE
674,638.0,IRT,St Lawrence Av,40.831509,-73.867618,6
675,639.0,IRT,St Lawrence Av,40.831509,-73.867618,6
676,640.0,IND,Steinway St,40.756879,-73.92074,MR
677,641.0,IRT,Sterling St,40.662742,-73.95085,25
678,642.0,BMT,Stillwell Av,40.577422,-73.981233,DFNQ
679,643.0,BMT,Stillwell Av,40.577422,-73.981233,DFNQ
680,644.0,IND,Sutphin Blvd,40.70546,-73.810708,F
681,648.0,IRT,Sutter Av,40.664717,-73.92261,3
682,649.0,IRT,Sutter Av,40.664717,-73.92261,3
683,650.0,BMT,Sutter Av,40.669367,-73.901975,L
684,651.0,BMT,Sutter Av,40.669367,-73.901975,L
685,658.0,IND,Tremont Av,40.85041,-73.905227,BD
686,659.0,IND,Tremont Av,40.85041,-73.905227,BD
687,662.0,BMT,Union St,40.677316,-73.98311,R
688,495.0,IND,Kew Gardens-Union Turnpike,40.714441,-73.831008,EF
689,496.0,IND,Kew Gardens-Union Turnpike,40.714441,-73.831008,EF
690,664.0,IND,Utica Av,40.679364,-73.930729,AC
691,665.0,IND,Utica Av,40.679364,-73.930729,AC
692,87.0,IND,21st St,40.744065,-73.949724,G
693,88.0,IND,21st St,40.744065,-73.949724,G
694,668.0,IRT,Van Siclen Av,40.665449,-73.889395,3
695,669.0,IRT,Van Siclen Av,40.665449,-73.889395,3
696,670.0,IND,Van Siclen Av,40.67271,-73.890358,AC
697,671.0,BMT,Van Siclen Av,40.678024,-73.891688,JZ
698,672.0,BMT,Van Siclen Av,40.678024,-73.891688,JZ
699,306.0,IND,Briarwood-Van Wyck Blvd,40.709179,-73.820574,F
700,307.0,IND,Briarwood-Van Wyck Blvd,40.709179,-73.820574,F
701,673.0,IRT,Vernon Blvd-Jackson Av,40.742626,-73.953581,7
702,674.0,IRT,Vernon Blvd-Jackson Av,40.742626,-73.953581,7
703,679.0,IND,West 4th St,40.732338,-74.000495,ABCDEFM
704,680.0,BMT,West 8th St,40.576127,-73.975939,FQ
705,675.0,IRT,Wakefield-241st St,40.903125,-73.85062,25
706,676.0,IRT,Wakefield-241st St,40.903125,-73.85062,25
707,677.0,IRT,Wall St,40.706821,-74.0091,23
708,678.0,IRT,Wall St,40.707557,-74.011862,45
709,125.0,BMT,36 Av-Washington Av,40.756804,-73.929575,NQ
710,126.0,BMT,36 Av-Washington Av,40.756804,-73.929575,NQ
711,127.0,BMT,36 Av-Washington Av,40.756804,-73.929575,NQ
712,681.0,IRT,Westchester Square-East Tremont Av,40.839892,-73.842952,6
713,682.0,BMT,Whitehall St,40.703087,-74.012994,R1
714,683.0,BMT,Whitehall St,40.703087,-74.012994,R1
715,684.0,BMT,Whitehall St,40.703087,-74.012994,R1
716,685.0,IRT,Whitlock Av,40.826525,-73.886283,6
717,686.0,IRT,Whitlock Av,40.826525,-73.886283,6
718,687.0,BMT,Wilson Av,40.688764,-73.904046,L
719,688.0,BMT,Wilson Av,40.688764,-73.904046,L
720,689.0,IRT,Winthrop St,40.656652,-73.9502,25
721,690.0,BMT,Woodhaven Blvd,40.693879,-73.851576,JZ
722,691.0,IND,Woodhaven Blvd,40.733106,-73.869229,MR
723,692.0,IRT,Woodlawn,40.886037,-73.878751,4
724,693.0,IRT,Woodlawn,40.886037,-73.878751,4
725,696.0,IND,World Trade Center,40.712582,-74.009781,ACE23
726,701.0,IND,York St,40.699743,-73.986885,F
727,324.0,IRT,Buhre Av,40.84681,-73.832569,6
728,325.0,IRT,Buhre Av,40.84681,-73.832569,6
729,702.0,IRT,Zerega Av,40.836488,-73.847036,6
730,703.0,IRT,Zerega Av,40.836488,-73.847036,6
731,146.0,IND,47-50th Sts Rockefeller Center,40.758663,-73.981329,BDFM7
732,427.0,IND,Forest Hills-71st Av,40.721691,-73.844521,eFMR
733,714.0,IRT,Grand Central-42nd St,40.751776,-73.976848,GS4567
734,714.0,IRT,Grand Central-42nd St,40.751431,-73.976041,GS4567
735,654.0,IRT,Times Square,40.75529,-73.987495,ACENQRS1.02.03.07.0
736,42.0,IRT,14th St-Union Square,40.734673,-73.989951,LNQR456
737,335.0,BMT,Canal St,40.718092,-73.999892,JNQRZ6
